{
    "1|8|11&0|0|5:1|8|11&0|0|9": [
        1.0243443080357142,
        6062
    ],
    "1|8|11&0|0|5&5|9|12:1|8|11&0|0|9&8|9|12": [
        1.0243443080357142,
        6062
    ],
    "1|8|11&0|0|5:0|4|8&0|0|9": [
        1.0243357311953292,
        6059
    ],
    "1|8|11&0|0|5&5|9|12:0|4|8&0|0|9&8|9|12": [
        1.0243357311953292,
        6059
    ],
    "0|1|4&0|0|5:0|4|8&0|0|9": [
        1.0243357311953292,
        6059
    ],
    "1|8|11&0|0|5:4|6|8&0|0|9": [
        1.0243289093435488,
        6061
    ],
    "1|8|11&0|0|5&5|9|12:4|6|8&0|0|9&8|9|12": [
        1.0243289093435488,
        6061
    ],
    "4|8|11&0|0|5:1|8|11&0|0|9": [
        1.0243075782023259,
        6062
    ],
    "4|8|11&0|0|5&5|9|12:1|8|11&0|0|9&8|9|12": [
        1.0243075782023259,
        6062
    ],
    "1|8|11&0|0|5:4|8|11&0|0|9": [
        1.0243064150165015,
        6060
    ],
    "1|8|11&0|0|5&5|9|12:4|8|11&0|0|9&8|9|12": [
        1.0243064150165015,
        6060
    ],
    "4|8|11&0|0|5:0|4|8&0|0|9": [
        1.024298983175854,
        6059
    ],
    "4|8|11&0|0|5&5|9|12:0|4|8&0|0|9&8|9|12": [
        1.024298983175854,
        6059
    ],
    "4|6|8&0|0|5:1|8|11&0|0|9": [
        1.024297751360937,
        6062
    ],
    "4|6|8&0|0|5&5|9|12:1|8|11&0|0|9&8|9|12": [
        1.024297751360937,
        6062
    ],
    "4|6|8&0|0|5&5|9|12:1|8|11&0|0|9&8|1|9": [
        1.024297751360937,
        6062
    ],
    "4|8|11&0|0|5:4|6|8&0|0|9": [
        1.024292173450132,
        6061
    ],
    "4|8|11&0|0|5&5|9|12:4|6|8&0|0|9&8|9|12": [
        1.024292173450132,
        6061
    ],
    "4|6|8&0|0|5:0|4|8&0|0|9": [
        1.0242892320566512,
        6059
    ],
    "0|4|8&0|0|5:1|8|11&0|0|9": [
        1.0242888910941108,
        6062
    ],
    "0|4|8&0|0|5:1|4|8&0|0|9": [
        1.0242888910941108,
        6062
    ],
    "0|4|8&0|0|5&5|9|12:1|8|11&0|0|9&8|9|12": [
        1.0242888910941108,
        6062
    ],
    "4|6|8&0|0|5:4|6|8&0|0|9": [
        1.0242824255485894,
        6061
    ],
    "4|6|8&0|0|5&5|9|12:4|6|8&0|0|9&8|9|12": [
        1.0242824255485894,
        6061
    ],
    "0|4|8&0|0|5:0|4|8&0|0|9": [
        1.0242803674028305,
        6059
    ],
    "0|4|8&0|0|5&5|9|12:4|6|8&0|0|9&8|9|12": [
        1.0242734832587443,
        6061
    ],
    "4|8|11&0|0|5:4|8|11&0|0|9": [
        1.0242695924865923,
        6060
    ],
    "4|8|11&0|0|5&5|9|12:4|8|11&0|0|9&8|9|12": [
        1.0242695924865923,
        6060
    ],
    "4|6|8&0|0|5&5|9|12:4|8|11&0|0|9&8|9|12": [
        1.024259842976485,
        6060
    ],
    "1|8|11&0|0|5&0|7|9:4|6|8&0|0|9&8|9|12": [
        1.0240623940512206,
        4793
    ],
    "0|0|4:0|0|8": [
        1.0155820766715116,
        8600
    ],
    "0|4|6:0|0|8": [
        1.0086212700317485,
        13229
    ],
    "0|4|11:0|0|8": [
        1.007898538856923,
        13643
    ],
    "0|0|6:0|0|8": [
        1.0072380080340264,
        10580
    ],
    "0|0|6:0|0|11": [
        1.0061173059376756,
        8905
    ],
    "0|0|4:0|8|11": [
        1.0054028606017127,
        22303
    ],
    "0|0|4:0|6|8": [
        1.0048466905240927,
        20006
    ],
    "4|6|11:0|0|8": [
        1.0048071248973727,
        18270
    ],
    "0|0|4:0|0|11": [
        1.0043494838104177,
        21310
    ],
    "0|0|1:0|0|8": [
        1.003878433276835,
        21977
    ],
    "0|0|11:0|0|8": [
        1.0035040285279857,
        11756
    ]
}