{
    "1|8|11&0|0|5:4|6|8&0|0|9": [
        1.025755972753248,
        6081
    ],
    "1|8|11&0|0|5&5|9|12:4|6|8&0|0|9&9|10|12": [
        1.025755972753248,
        6081
    ],
    "1|8|11&0|0|5:4|8|11&0|0|9": [
        1.0257311612245108,
        6081
    ],
    "1|8|11&0|0|5&5|9|12:4|8|11&0|0|9&9|10|12": [
        1.0257311612245108,
        6081
    ],
    "4|8|11&0|0|5:4|6|8&0|0|9": [
        1.025709240359316,
        6081
    ],
    "4|8|11&0|0|5&5|9|12:4|6|8&0|0|9&9|10|12": [
        1.025709240359316,
        6081
    ],
    "4|6|8&0|0|5:4|6|8&0|0|9": [
        1.0256991230369183,
        6081
    ],
    "4|6|8&0|0|5&5|9|12:4|6|8&0|0|9&9|10|12": [
        1.0256991230369183,
        6081
    ],
    "0|4|8&0|0|5:4|6|8&0|0|9": [
        1.025695108226443,
        6081
    ],
    "0|4|8&0|0|5:0|4|8&0|0|9": [
        1.025695108226443,
        6081
    ],
    "0|4|8&0|0|5&5|9|12:4|6|8&0|0|9&0|1|9": [
        1.025695108226443,
        6081
    ],
    "4|8|11&0|0|5:4|8|11&0|0|9": [
        1.0256845091267883,
        6081
    ],
    "4|8|11&0|0|5&5|9|12:4|8|11&0|0|9&9|10|12": [
        1.0256845091267883,
        6081
    ],
    "4|6|8&0|0|5:4|8|11&0|0|9": [
        1.0256742312119718,
        6081
    ],
    "4|6|8&0|0|5&5|9|12:4|8|11&0|0|9&9|10|12": [
        1.0256742312119718,
        6081
    ],
    "0|4|8&0|0|5:4|8|11&0|0|9": [
        1.0256703769939155,
        6081
    ],
    "0|4|8&0|0|5&5|9|12:4|8|11&0|0|9&9|10|12": [
        1.0256703769939155,
        6081
    ],
    "0|4|8&0|0|5:1|8|11&0|0|9": [
        1.0256700785359139,
        6084
    ],
    "0|4|8&0|0|5&5|9|12:1|8|11&0|0|9&9|10|12": [
        1.0256700785359139,
        6084
    ],
    "4|6|11&0|0|5:4|6|8&0|0|9": [
        1.0250054948913767,
        6007
    ],
    "4|6|11&0|0|5&5|9|12:4|6|8&0|0|9&9|10|12": [
        1.0250054948913767,
        6007
    ],
    "4|6|11&0|0|5&0|1|9:4|6|8&0|0|9&0|0|1": [
        1.0250054948913767,
        6007
    ],
    "4|6|11&0|0|5:1|8|11&0|0|9": [
        1.0249805824927205,
        6010
    ],
    "4|6|11&0|0|5&5|9|12:1|8|11&0|0|9&9|10|12": [
        1.0249805824927205,
        6010
    ],
    "4|6|11&0|0|5:4|8|11&0|0|9": [
        1.024980458995755,
        6007
    ],
    "4|6|11&0|0|5&5|9|12:4|8|11&0|0|9&9|10|12": [
        1.024980458995755,
        6007
    ],
    "0|4|6&0|0|5:4|6|8&0|0|9": [
        1.0249620473427195,
        5913
    ],
    "0|4|6&0|0|5&5|9|12:4|6|8&0|0|9&9|10|12": [
        1.0249620473427195,
        5913
    ],
    "0|4|6&0|0|5&5|9|12:4|8|11&0|0|9&9|10|12": [
        1.0249365308694824,
        5913
    ],
    "0|4|6&0|0|5:1|8|11&0|0|9": [
        1.024919593713024,
        5916
    ],
    "0|4|6&0|0|5&5|9|12:1|8|11&0|0|9&9|10|12": [
        1.024919593713024,
        5916
    ],
    "0|4|6&0|0|5&5|9|12:1|6|8&0|0|9&9|10|12": [
        1.024919593713024,
        5916
    ],
    "0|4|11&0|0|5:4|6|8&0|0|9": [
        1.0248756227162645,
        5884
    ],
    "0|4|11&0|0|5&5|9|12:4|8|11&0|0|9&9|10|12": [
        1.0248499804820275,
        5884
    ],
    "0|0|4:0|0|8": [
        1.0150070049925184,
        8688
    ],
    "0|4|6:0|0|8": [
        1.0084374303698753,
        13464
    ],
    "0|4|11:0|0|8": [
        1.0078538230280132,
        13565
    ],
    "0|0|6:0|0|8": [
        1.0057788225910855,
        10814
    ],
    "0|0|4:0|8|11": [
        1.0050776315641072,
        22166
    ],
    "0|0|6:0|0|11": [
        1.0049692300977653,
        8950
    ],
    "4|6|11:0|0|8": [
        1.0048938341693474,
        18341
    ],
    "0|0|4:0|6|8": [
        1.0047233530717987,
        20265
    ],
    "0|6|11:0|0|8": [
        1.0044543791106961,
        17941
    ],
    "0|0|1:0|0|8": [
        1.004366751572757,
        21936
    ],
    "0|0|11:0|0|8": [
        1.0040975710313012,
        11597
    ],
    "0|0|4:0|0|11": [
        1.003913097875012,
        21106
    ]
}