{
    "1|8|11&0|0|5:4|6|8&0|0|9": [
        1.0239290848030116,
        6060
    ],
    "1|8|11&0|0|5&5|9|12:4|6|8&0|0|9&9|10|12": [
        1.0239290848030116,
        6060
    ],
    "4|8|11&0|0|5:4|6|8&0|0|9": [
        1.0239070073999588,
        6060
    ],
    "4|8|11&0|0|5&5|9|12:4|6|8&0|0|9&9|10|12": [
        1.0239070073999588,
        6060
    ],
    "4|6|8&0|0|5:4|6|8&0|0|9": [
        1.023905879357467,
        6060
    ],
    "4|6|8&0|0|5&5|9|12:4|6|8&0|0|9&9|10|12": [
        1.023905879357467,
        6060
    ],
    "0|4|8&0|0|5:4|6|8&0|0|9": [
        1.0239012060385726,
        6060
    ],
    "0|4|8&0|0|5:0|4|8&0|0|9": [
        1.0239012060385726,
        6060
    ],
    "0|4|8&0|0|5&5|9|12:4|6|8&0|0|9&9|10|12": [
        1.0239012060385726,
        6060
    ],
    "0|4|8&0|0|5&5|9|12:4|6|8&0|0|9&0|0|1": [
        1.0239012060385726,
        6060
    ],
    "1|8|11&0|0|5:1|8|11&0|0|9": [
        1.023858098700495,
        6060
    ],
    "1|8|11&0|0|5&5|9|12:1|8|11&0|0|9&9|10|12": [
        1.023858098700495,
        6060
    ],
    "1|8|11&0|0|5:4|8|11&0|0|9": [
        1.0238542311262375,
        6060
    ],
    "1|8|11&0|0|5&5|9|12:4|8|11&0|0|9&9|10|12": [
        1.0238542311262375,
        6060
    ],
    "4|8|11&0|0|5:1|8|11&0|0|9": [
        1.0238360212974422,
        6060
    ],
    "4|8|11&0|0|5&5|9|12:1|8|11&0|0|9&9|10|12": [
        1.0238360212974422,
        6060
    ],
    "4|6|8&0|0|5:1|8|11&0|0|9": [
        1.0238349738294141,
        6060
    ],
    "4|6|8&0|0|5&5|9|12:1|8|11&0|0|9&9|10|12": [
        1.0238349738294141,
        6060
    ],
    "4|6|8&0|0|5&5|9|12:1|8|11&0|0|9&0|0|1": [
        1.0238349738294141,
        6060
    ],
    "4|8|11&0|0|5:4|8|11&0|0|9": [
        1.0238320731487212,
        6060
    ],
    "4|8|11&0|0|5&5|9|12:4|8|11&0|0|9&9|10|12": [
        1.0238320731487212,
        6060
    ],
    "4|6|8&0|0|5:4|8|11&0|0|9": [
        1.023831025680693,
        6060
    ],
    "4|6|8&0|0|5&5|9|12:4|8|11&0|0|9&9|10|12": [
        1.023831025680693,
        6060
    ],
    "0|4|8&0|0|5:4|8|11&0|0|9": [
        1.0238263523617988,
        6060
    ],
    "1|8|11&0|0|5&7|9|10:4|8|11&0|0|9&9|10|12": [
        1.0236205946064691,
        5619
    ],
    "4|6|11&0|0|5:1|8|11&0|0|9": [
        1.0233054413721916,
        5964
    ],
    "0|0|4:0|0|8": [
        1.0148801412512996,
        8657
    ],
    "0|4|6:0|0|8": [
        1.008194617317446,
        13407
    ],
    "0|4|11:0|0|8": [
        1.0078950959056459,
        13656
    ],
    "0|0|6:0|0|8": [
        1.0068538008924406,
        10715
    ],
    "0|0|6:0|0|11": [
        1.0054967778954802,
        8850
    ],
    "0|0|4:0|8|11": [
        1.0051860990651047,
        22195
    ],
    "4|6|11:0|0|8": [
        1.0048321405528389,
        18405
    ],
    "0|0|4:0|6|8": [
        1.0047184309149606,
        19979
    ],
    "0|0|1:0|0|8": [
        1.0039718255090497,
        22100
    ],
    "0|0|4:0|0|11": [
        1.0036740848647179,
        21141
    ],
    "0|0|11:0|0|8": [
        1.0034675444786587,
        11691
    ],
    "0|0|4:0|0|1": [
        1.0018391983304549,
        43425
    ]
}