{
    "0|0|4&0|3|5&0|0|2:1|4|6&0|2|7&0|0|5": [
        1.0140443742116967,
        1883
    ],
    "0|0|4&2|5|7&0|0|2:0|0|6&0|5|7&0|0|3": [
        1.0136047556153045,
        3481
    ],
    "0|0|4&2|5|7&0|0|2:0|0|6&0|2|3&0|0|5": [
        1.0136047556153045,
        3481
    ],
    "0|0|4&0|2|3&0|2|7:0|0|6&0|5|7&0|0|3": [
        1.0136047556153045,
        3481
    ],
    "0|0|4&0|3|5&0|0|2:0|0|6&0|3|5&0|0|7": [
        1.0135832161738956,
        1856
    ],
    "0|0|4&0|3|5&0|0|2:0|0|6&0|2|7&0|0|5": [
        1.0135832161738956,
        1856
    ],
    "0|0|4&0|2|7&0|0|3:0|0|6&0|0|5&0|0|7": [
        1.0135832161738956,
        1856
    ],
    "0|0|4&0|3|5&0|0|2:0|0|6&0|5|7&0|0|3": [
        1.0135438033917477,
        1851
    ],
    "0|0|4&0|3|5&0|0|2:0|0|6&0|2|3&0|0|5": [
        1.0135438033917477,
        1851
    ],
    "0|0|4&0|2|7&0|0|3:0|0|6&0|5|7&0|0|3": [
        1.0135438033917477,
        1851
    ],
    "0|0|4&0|3|5&0|0|2:0|0|6&2|3|7&0|0|5": [
        1.0135186475685116,
        1861
    ],
    "0|0|4&0|0|2&0|0|3:0|0|6&0|0|5&0|3|7": [
        1.0135186475685116,
        1861
    ],
    "0|0|4&0|3|5&0|0|2:0|4|6&0|2|7&0|0|5": [
        1.013443090768257,
        1876
    ],
    "0|0|4&0|3|5&0|0|2:0|0|4&0|5|7&0|0|3": [
        1.0134393975610574,
        1863
    ],
    "0|0|4&0|3|5&0|0|2:0|0|4&0|2|3&0|0|5": [
        1.0134393975610574,
        1863
    ],
    "0|0|4&0|2|7&0|0|3:0|0|4&0|0|5&0|0|3": [
        1.0134393975610574,
        1863
    ],
    "0|0|4&0|3|5&0|0|2:1|4|6&0|2|3&0|0|5": [
        1.0133531538966871,
        1879
    ],
    "0|0|4&0|3|5&0|0|2:0|1|6&0|2|3&0|0|5": [
        1.0133531538966871,
        1879
    ],
    "0|0|4&0|3|5&0|0|2:1|4|6&2|3|7&0|0|5": [
        1.0133408433809055,
        1905
    ],
    "0|0|4&0|3|5&0|0|2:0|1|6&2|3|7&0|0|5": [
        1.0133408433809055,
        1905
    ],
    "0|0|4&0|3|5&0|0|2:0|4|6&0|5|7&0|0|3": [
        1.0133354309408422,
        1870
    ],
    "0|0|4&0|3|5&0|0|2:0|4|6&0|2|3&0|0|5": [
        1.0133354309408422,
        1870
    ],
    "0|0|4&0|0|3&0|2|7:0|4|6&0|0|5&0|0|3": [
        1.0133354309408422,
        1870
    ],
    "0|0|4&0|3|5&0|0|2:0|0|6&3|5|7&0|0|5": [
        1.0132917523575442,
        1869
    ],
    "0|0|4&0|3|5&0|0|2:0|0|6&2|5|7&0|0|5": [
        1.0132917523575442,
        1869
    ],
    "0|0|4&0|3|5&0|0|2:0|0|6&2|3|5&0|0|5": [
        1.0132917523575442,
        1869
    ],
    "0|0|4&0|2|7&0|0|3:0|0|6&0|0|5&0|3|5": [
        1.0132917523575442,
        1869
    ],
    "0|0|4&0|3|5&0|0|2:0|0|4&0|2|7&0|0|5": [
        1.0132311383030446,
        1864
    ],
    "0|0|4&0|5|7&0|0|2:0|0|6&2|3|7&0|0|5": [
        1.0132012196003795,
        2701
    ],
    "0|0|4&0|2|3&0|0|7:0|0|6&2|3|7&0|0|5": [
        1.0132012196003795,
        2701
    ],
    "0|0|4&0|0|2&0|0|7:0|0|6&0|0|5&0|3|7": [
        1.0132012196003795,
        2701
    ],
    "0|0|4&0|5|7&0|0|2:0|0|6&2|5|7&0|0|3": [
        1.0131619664467348,
        2856
    ],
    "0|0|4&0|2|3&0|0|7:0|0|6&2|5|7&0|0|3": [
        1.0131619664467348,
        2856
    ],
    "0|0|4&0|2|3&0|0|7:0|0|6&0|2|7&0|3|5": [
        1.0131213634997815,
        2860
    ],
    "0|0|4&0|0|2:0|0|6&0|0|5": [
        1.0127947081743003,
        3537
    ],
    "0|0|4&0|0|2:0|0|6&0|0|3": [
        1.0126807369402986,
        3953
    ],
    "0|0|4&0|0|2:0|0|4&0|0|5": [
        1.0118384094662727,
        3595
    ],
    "0|0|4&0|0|2:0|0|6&0|3|5": [
        1.0117113018488997,
        3999
    ],
    "0|0|4&0|0|2:0|4|6&0|0|5": [
        1.0116768248393493,
        3657
    ],
    "0|0|4&0|0|2:1|4|6&0|0|5": [
        1.011322210016284,
        3723
    ],
    "0|0|4&0|0|7:0|0|6&0|0|3": [
        1.0107691387721,
        4638
    ],
    "0|0|4&0|2|7:0|0|6&0|0|3": [
        1.0106728708521784,
        5417
    ],
    "0|0|4&0|2|7:0|0|6&0|0|5": [
        1.0099266916601217,
        5093
    ],
    "0|0|4&0|0|2:0|0|6&0|0|7": [
        1.0096402852053212,
        4219
    ],
    "0|0|4&0|0|7:0|0|6&0|0|5": [
        1.0095881657190728,
        4551
    ],
    "0|0|4&0|0|1:0|0|6&0|0|3": [
        1.0091139759311756,
        6967
    ],
    "0|0|4:0|0|6": [
        1.0048069364868641,
        8945
    ],
    "0|0|4:0|0|4": [
        1.0027686353902763,
        16578
    ],
    "0|0|4:0|4|6": [
        1.002238556522651,
        17880
    ],
    "1|4|6:0|0|6": [
        1.001653240333508,
        26716
    ],
    "0|0|4:1|4|6": [
        1.0013382689748709,
        19539
    ],
    "0|4|6:0|0|6": [
        1.0010255000051855,
        24106
    ],
    "1|4|6:0|0|4": [
        1.0009406271245858,
        23534
    ],
    "0|0|6:0|4|6": [
        1.0006631802876906,
        21829
    ],
    "0|4|6:0|0|4": [
        1.0006194155725747,
        20565
    ],
    "0|4|6:0|4|6": [
        1.0006126633183479,
        35590
    ],
    "0|0|1:0|0|1": [
        1.000458203125,
        60000
    ],
    "0|0|6:0|0|6": [
        1.0002700844627774,
        20364
    ],
    "0|0|6:0|0|1": [
        1.0000848816468597,
        23056
    ],
    "0|0|6:0|0|4": [
        0.9999550749388254,
        9195
    ]
}