{
    "0|0|6&0|0|5&9|10|12:4|6|8&0|0|9&8|9|12": [
        1.0226473854791822,
        2666
    ],
    "1|8|11&0|0|5:4|6|8&0|0|9": [
        1.022414982577942,
        5982
    ],
    "1|8|11&0|0|5&5|9|12:4|6|8&0|0|9&8|9|12": [
        1.022414982577942,
        5982
    ],
    "4|8|11&0|0|5:4|6|8&0|0|9": [
        1.0223984126859746,
        5982
    ],
    "4|8|11&0|0|5&5|9|12:4|6|8&0|0|9&8|9|12": [
        1.0223984126859746,
        5982
    ],
    "4|6|8&0|0|5:4|6|8&0|0|9": [
        1.0223964536839685,
        5982
    ],
    "4|6|8&0|0|5&5|9|12:4|6|8&0|0|9&8|9|12": [
        1.0223964536839685,
        5982
    ],
    "1|8|11&0|0|5:1|8|11&0|0|9": [
        1.0223447033809763,
        5982
    ],
    "1|8|11&0|0|5&5|9|12:1|8|11&0|0|9&8|9|12": [
        1.0223447033809763,
        5982
    ],
    "1|8|11&0|0|5:4|8|11&0|0|9": [
        1.0223407037518806,
        5982
    ],
    "1|8|11&0|0|5&5|9|12:4|8|11&0|0|9&8|9|12": [
        1.0223407037518806,
        5982
    ],
    "4|8|11&0|0|5:1|8|11&0|0|9": [
        1.022328051863925,
        5982
    ],
    "4|8|11&0|0|5&5|9|12:1|8|11&0|0|9&8|9|12": [
        1.022328051863925,
        5982
    ],
    "4|6|8&0|0|5:1|8|11&0|0|9": [
        1.0223260928619191,
        5982
    ],
    "4|6|8&0|0|5&5|9|12:1|8|11&0|0|9&8|9|12": [
        1.0223260928619191,
        5982
    ],
    "4|8|11&0|0|5:4|8|11&0|0|9": [
        1.0223241338599132,
        5982
    ],
    "4|8|11&0|0|5&5|9|12:4|8|11&0|0|9&8|9|12": [
        1.0223241338599132,
        5982
    ],
    "4|6|8&0|0|5:4|8|11&0|0|9": [
        1.022322174857907,
        5982
    ],
    "4|6|8&0|0|5&5|9|12:4|8|11&0|0|9&8|9|12": [
        1.022322174857907,
        5982
    ],
    "0|4|6&0|0|5:4|6|8&0|0|9": [
        1.0219795452834652,
        5812
    ],
    "0|4|6&0|0|5&5|9|12:4|6|8&0|0|9&8|9|12": [
        1.0219795452834652,
        5812
    ],
    "0|0|4&0|0|5:4|6|8&0|0|9": [
        1.0219083037300178,
        5630
    ],
    "0|4|6&0|0|5:1|8|11&0|0|9": [
        1.02190721043208,
        5812
    ],
    "0|4|6&0|0|5&5|9|12:1|8|11&0|0|9&8|9|12": [
        1.02190721043208,
        5812
    ],
    "0|4|6&0|0|5&5|9|12:4|8|11&0|0|9&8|9|12": [
        1.0219030938145217,
        5812
    ],
    "4|6|11&0|0|5:1|8|11&0|0|9": [
        1.0216714308973653,
        5902
    ],
    "0|0|4:0|0|8": [
        1.0122557471264368,
        8700
    ],
    "0|4|6:0|0|8": [
        1.0066362175894792,
        13383
    ],
    "0|4|11:0|0|8": [
        1.0061488604054354,
        13541
    ],
    "0|0|6:0|0|8": [
        1.0059077061350266,
        10709
    ],
    "0|0|6:0|0|11": [
        1.0045634906743588,
        8927
    ],
    "0|0|4:0|8|11": [
        1.0044478669602876,
        22109
    ],
    "4|6|11:0|0|8": [
        1.0035920390457764,
        18219
    ],
    "0|0|4:0|6|8": [
        1.0035377793914928,
        20312
    ],
    "0|6|11:0|0|8": [
        1.0033410014089048,
        17833
    ],
    "0|0|4:0|0|11": [
        1.0031220505567955,
        21058
    ],
    "0|0|1:0|0|8": [
        1.0030069962898893,
        21967
    ],
    "0|0|11:0|0|8": [
        1.0027210834120983,
        11638
    ]
}