{
    "0|0|4&0|2|7&0|2|3:0|0|6&0|5|7&0|0|3": [
        1.014197601960479,
        3612
    ],
    "0|0|4&0|0|2&2|5|7:0|0|6&0|5|7&0|0|3": [
        1.014197601960479,
        3612
    ],
    "0|0|4&0|2|7&0|2|3:0|0|4&0|5|7&0|0|3": [
        1.0140724474602958,
        3652
    ],
    "0|0|4&0|0|2&2|5|7:0|0|4&0|5|7&0|0|3": [
        1.0140724474602958,
        3652
    ],
    "0|0|4&0|0|2&0|0|1:0|0|4&0|0|5&0|0|3": [
        1.0140724474602958,
        3652
    ],
    "0|0|4&0|0|2&2|5|7:0|4|6&0|5|7&0|0|3": [
        1.0140718119651588,
        3681
    ],
    "0|0|4&0|0|2&2|5|7:0|0|4&0|2|7&0|0|5": [
        1.0139319480266316,
        3647
    ],
    "0|0|4&0|0|2&2|5|7:0|0|4&0|0|7&0|3|5": [
        1.0139319480266316,
        3647
    ],
    "0|0|4&0|2|7&0|2|3:0|0|6&0|2|7&0|0|5": [
        1.0139137225915056,
        3620
    ],
    "0|0|4&0|0|2&2|5|7:0|0|6&0|2|7&0|0|5": [
        1.0139137225915056,
        3620
    ],
    "0|0|4&0|0|2&2|5|7:0|0|6&0|0|7&0|3|5": [
        1.0139137225915056,
        3620
    ],
    "0|0|4&0|0|2&0|1|7:0|0|6&0|0|5&0|0|7": [
        1.0139137225915056,
        3620
    ],
    "0|0|4&0|0|2&3|5|7:0|4|6&0|5|7&0|0|3": [
        1.013836744465855,
        3357
    ],
    "0|0|4&0|0|2&2|5|7:0|0|6&2|3|7&0|0|5": [
        1.0137915059112372,
        3653
    ],
    "0|0|4&0|0|2&0|1|7:0|0|6&0|0|5&0|3|7": [
        1.0137915059112372,
        3653
    ],
    "0|0|4&0|0|2&3|5|7:0|0|4&0|5|7&0|0|3": [
        1.0137261284722223,
        3339
    ],
    "0|0|4&0|0|2&3|5|7:0|0|4&0|2|3&0|0|5": [
        1.0137261284722223,
        3339
    ],
    "0|0|4&0|0|2&2|5|7:0|4|6&0|2|7&0|0|5": [
        1.0136955015120968,
        3689
    ],
    "0|0|4&0|0|2&2|5|7:0|4|6&0|0|7&0|3|5": [
        1.0136955015120968,
        3689
    ],
    "0|0|4&0|0|2&3|5|7:0|0|6&2|3|7&0|0|5": [
        1.0135904704336276,
        3341
    ],
    "0|0|4&0|0|2&3|5|7:0|0|6&0|0|5&0|3|7": [
        1.0135904704336276,
        3341
    ],
    "0|0|4&0|0|2&2|5|7:0|0|4&2|3|7&0|0|5": [
        1.0135709512446034,
        3706
    ],
    "0|0|4&0|0|2:0|0|6&0|0|5": [
        1.0135690824400312,
        3679
    ],
    "0|0|4&0|0|2&2|5|7:0|0|6&3|5|7&0|0|5": [
        1.0135690824400312,
        3679
    ],
    "0|0|4&0|0|2&2|5|7:0|0|6&0|5|7&0|3|5": [
        1.0135690824400312,
        3679
    ],
    "0|0|4&0|0|2&0|1|7:0|0|6&0|0|5&0|0|1": [
        1.0135690824400312,
        3679
    ],
    "0|0|4&0|0|2&3|5|7:0|0|6&0|3|5&0|0|7": [
        1.013566066013035,
        3318
    ],
    "0|0|4&0|0|2&3|5|7:0|0|6&0|2|7&0|0|5": [
        1.013566066013035,
        3318
    ],
    "0|0|4&0|0|2&3|5|7:0|0|6&0|0|7&0|3|5": [
        1.013566066013035,
        3318
    ],
    "0|0|4&0|0|2&3|5|7:0|0|4&0|3|5&0|0|7": [
        1.013510772915418,
        3337
    ],
    "0|0|4&0|0|2&3|5|7:0|0|4&0|2|7&0|0|5": [
        1.013510772915418,
        3337
    ],
    "0|0|4&0|0|2&3|5|7:0|0|4&0|0|7&0|3|5": [
        1.013510772915418,
        3337
    ],
    "0|0|4&0|0|2:0|0|4&0|0|5": [
        1.0129647810828877,
        3740
    ],
    "0|0|4&0|0|2:0|4|6&0|0|5": [
        1.0129177132584712,
        3807
    ],
    "0|0|4&0|0|2:1|4|6&0|0|5": [
        1.0124268018925715,
        3877
    ],
    "0|0|4&0|0|7:0|0|6&0|0|3": [
        1.0116159483980243,
        4631
    ],
    "0|0|4&0|0|7:0|0|6&0|0|5": [
        1.011385629598639,
        4519
    ],
    "0|0|4&0|0|2:0|0|6&0|0|3": [
        1.0113233897188718,
        4104
    ],
    "0|0|4&0|2|7:0|0|6&0|0|5": [
        1.0111371823321984,
        5140
    ],
    "0|0|4&0|0|2:0|0|6&0|3|5": [
        1.0107650076788726,
        4151
    ],
    "0|0|4&0|0|7:0|0|6&0|3|5": [
        1.010356087983592,
        4769
    ],
    "0|0|4:0|0|6": [
        1.0050927942061227,
        8934
    ],
    "0|0|4:0|0|4": [
        1.0026434566349038,
        17001
    ],
    "1|4|6:0|0|6": [
        1.0022307974836133,
        26546
    ],
    "0|0|4:0|4|6": [
        1.0019449950021908,
        18258
    ],
    "1|4|6:0|0|4": [
        1.0015906513796144,
        23811
    ],
    "0|4|6:0|0|6": [
        1.0015427826759151,
        23932
    ],
    "0|0|4:1|4|6": [
        1.0012923823813467,
        19932
    ],
    "0|4|6:0|0|4": [
        1.0012382984252532,
        20924
    ],
    "0|0|6:0|0|4": [
        1.0010469618437707,
        9086
    ],
    "1|4|6:0|4|6": [
        1.0008755312013888,
        44357
    ],
    "0|0|6:0|0|6": [
        1.0006552719359159,
        20161
    ],
    "0|0|1:0|0|1": [
        1.0005899088541668,
        60000
    ]
}