{
    "0|0|4&0|2|3&0|0|7:0|0|6&0|5|7&0|0|3": [
        1.0158521826764058,
        2721
    ],
    "0|0|4&0|2|3&0|0|7:0|4|6&0|5|7&0|0|3": [
        1.0156841585262628,
        2732
    ],
    "0|0|4&0|2|3&0|2|7:0|0|6&0|5|7&0|0|3": [
        1.015453821725608,
        3577
    ],
    "0|0|4&0|2|3&0|0|7:0|0|6&2|3|7&0|0|5": [
        1.0152128447702677,
        2726
    ],
    "0|0|4&0|2|3&0|0|7:0|0|4&0|3|5&0|0|7": [
        1.0150742974473443,
        2730
    ],
    "0|0|4&0|2|3&0|0|7:0|0|4&0|2|7&0|0|5": [
        1.0150742974473443,
        2730
    ],
    "0|0|4&0|2|3&0|0|7:1|4|6&0|5|7&0|0|3": [
        1.0150717393722617,
        2739
    ],
    "0|0|4&0|2|3&0|0|7:1|4|6&0|2|3&0|0|5": [
        1.0150717393722617,
        2739
    ],
    "0|0|4&0|2|3&0|0|7:0|1|6&0|5|7&0|0|3": [
        1.0150717393722617,
        2739
    ],
    "0|0|4&0|0|2&0|3|7:0|0|6&0|0|5&0|0|1": [
        1.0150643159099402,
        3345
    ],
    "0|0|4&0|2|3&0|0|7:0|0|4&2|3|7&0|0|5": [
        1.0150453330217073,
        2741
    ],
    "0|0|4&0|2|3&0|0|7:0|4|6&2|3|7&0|0|5": [
        1.0150279651988636,
        2750
    ],
    "0|0|4&0|2|3&0|0|7:0|0|6&3|5|7&0|0|5": [
        1.0149485884330407,
        2733
    ],
    "0|0|4&0|2|3&0|2|7:0|4|6&0|5|7&0|0|3": [
        1.0149232214278359,
        3641
    ],
    "0|0|4&0|2|3&0|2|7:0|4|6&0|2|3&0|0|5": [
        1.0149232214278359,
        3641
    ],
    "0|0|4&0|2|3&0|0|7:0|0|4&0|5|7&0|0|3": [
        1.0148370712722314,
        2727
    ],
    "0|0|4&0|0|2:0|0|6&0|0|5": [
        1.0145551702949438,
        3649
    ],
    "0|0|4&0|0|2:0|0|4&0|0|5": [
        1.0133388124663254,
        3712
    ],
    "0|0|4&0|0|2:0|4|6&0|0|5": [
        1.0130020664990105,
        3790
    ],
    "0|0|4&0|0|2:0|0|6&0|0|3": [
        1.012997404177964,
        4057
    ],
    "0|0|4&0|0|2:1|4|6&0|0|5": [
        1.0127835165146222,
        3864
    ],
    "0|0|4&0|0|2:0|1|6&0|0|5": [
        1.0127835165146222,
        3864
    ],
    "0|0|4&0|0|7:0|0|6&0|0|3": [
        1.0124037527746947,
        4505
    ],
    "0|0|4&0|2|7:0|0|6&0|0|5": [
        1.012253650089695,
        5017
    ],
    "0|0|4&0|0|2:0|0|6&0|3|5": [
        1.0121178420299561,
        4106
    ],
    "0|0|4&0|0|7:0|0|6&0|0|5": [
        1.0120810267603835,
        4406
    ],
    "0|0|4&0|2|7:0|0|6&0|0|3": [
        1.0114082234398216,
        5384
    ],
    "0|0|4&0|0|7:0|0|6&0|3|5": [
        1.0110109159343326,
        4637
    ],
    "0|0|4:0|0|6": [
        1.0058086990850894,
        8826
    ],
    "0|0|4:0|0|4": [
        1.0024823946263892,
        16916
    ],
    "1|4|6:0|0|6": [
        1.0021042553141637,
        26674
    ],
    "0|0|4:0|4|6": [
        1.0018340818913258,
        18146
    ],
    "0|0|4:1|4|6": [
        1.0012621860802624,
        19810
    ],
    "0|4|6:0|0|6": [
        1.0012259485517183,
        24063
    ],
    "1|4|6:0|0|4": [
        1.0011871791230063,
        23763
    ],
    "1|4|6:0|4|6": [
        1.000754403706371,
        44437
    ],
    "0|4|6:0|0|4": [
        1.0007266831766286,
        20846
    ],
    "0|0|6:0|0|6": [
        1.0006869127040892,
        20273
    ],
    "0|0|1:0|0|1": [
        1.0005876302083334,
        60000
    ],
    "0|0|6:0|4|6": [
        1.0005303049946987,
        21693
    ],
    "0|4|6:0|4|6": [
        1.0005180327640486,
        35893
    ],
    "0|0|6:0|0|4": [
        0.9995417218347937,
        9016
    ]
}