{
    "0|0|4&0|5|7&0|0|2:0|0|6&4|5|7&4|0|3": [
        1.0185011880922834,
        2770
    ],
    "0|0|4&0|5|7&0|0|2:0|0|6&4|2|3&4|0|5": [
        1.0185011880922834,
        2770
    ],
    "0|0|4&0|5|7&0|0|2:0|0|6&4|3|7&4|0|5": [
        1.0179296875,
        2775
    ],
    "0|0|4&0|5|7&0|0|2:0|0|6&4|0|5&4|3|7": [
        1.0179296875,
        2775
    ],
    "0|0|4&0|5|7&0|0|2:0|0|6&6|5|7&4|0|5": [
        1.0177790890658698,
        2782
    ],
    "0|0|4&0|5|7&0|0|2:0|0|6&6|3|7&4|0|5": [
        1.0177790890658698,
        2782
    ],
    "0|0|4&0|5|7&0|0|2:0|0|6&6|3|7&0|0|5": [
        1.0177790890658698,
        2782
    ],
    "0|0|4&0|5|7&0|0|2:0|0|6&6|2|7&4|0|5": [
        1.0177790890658698,
        2782
    ],
    "0|0|4&0|5|7&0|0|2:0|0|6&4|3|5&4|0|7": [
        1.0173293080276473,
        2767
    ],
    "0|0|4&0|5|7&0|0|2:0|0|6&4|2|7&4|0|5": [
        1.0173293080276473,
        2767
    ],
    "0|0|4&0|5|7&0|0|2:0|0|6&4|2|5&4|0|3": [
        1.0169553882921192,
        2947
    ],
    "0|0|4&0|5|7&0|0|2:0|0|4&6|2|3&6|0|5": [
        1.0168677777996669,
        2776
    ],
    "0|0|4&0|5|7&0|0|2:0|0|6&6|5|7&4|0|3": [
        1.0168509943542583,
        2953
    ],
    "0|0|4&0|5|7&0|0|2:0|0|6&4|2|3&4|3|5": [
        1.0168509943542583,
        2953
    ],
    "0|0|4&0|5|7&0|0|2:0|0|4&6|3|7&6|0|5": [
        1.0167794376344568,
        2789
    ],
    "0|0|4&0|5|7&0|0|2:0|0|6&4|3|5&4|0|2": [
        1.0165691985150407,
        2942
    ],
    "0|0|4&0|5|7&0|0|2:0|0|6&4|2|7&4|0|3": [
        1.0165691985150407,
        2942
    ],
    "0|0|4&0|5|7&0|0|2:0|4|6&6|0|3&0|0|5": [
        1.0165428429223335,
        2794
    ],
    "0|0|4&0|5|7&0|0|2:0|0|6&4|3|7&4|3|5": [
        1.0162017894508792,
        2957
    ],
    "0|0|4&0|5|7&0|0|2:0|0|6&4|3|5&4|3|7": [
        1.0162017894508792,
        2957
    ],
    "0|0|4&0|5|7&0|0|2:0|0|6&4|3|5&4|2|5": [
        1.0161584955326968,
        2959
    ],
    "0|0|4&0|5|7&0|0|2:0|0|6&4|2|5&4|3|5": [
        1.0161584955326968,
        2959
    ],
    "0|0|4&0|5|7&0|0|2:0|1|6&4|2|3&0|0|5": [
        1.016119634998886,
        2805
    ],
    "0|0|4&0|5|7&0|0|2:0|0|4&6|3|5&6|0|5": [
        1.016096498220999,
        2793
    ],
    "0|0|4&0|5|7&0|0|2:0|0|6&6|5|7&4|3|5": [
        1.0160140424544226,
        2962
    ],
    "0|0|4&0|5|7&0|0|2:0|0|6&4|3|5&6|3|5": [
        1.0160140424544226,
        2962
    ],
    "0|0|4&0|5|7&0|0|2:0|0|6&4|3|5&4|2|7": [
        1.015782817404352,
        2947
    ],
    "0|0|4&0|5|7&0|0|2:0|0|6&4|2|7&4|3|5": [
        1.015782817404352,
        2947
    ],
    "0|0|4&2|5|7&0|0|2:0|0|6&4|5|7&4|0|3": [
        1.0148554736518753,
        3586
    ],
    "0|0|4&0|0|7:0|0|6&4|0|3": [
        1.014136340234121,
        4613
    ],
    "0|0|4&0|0|2:0|0|6&4|0|5": [
        1.0137746077718879,
        3655
    ],
    "0|0|4&0|0|7:0|0|6&4|0|5": [
        1.0136860028794792,
        4493
    ],
    "0|0|4&0|0|2:0|0|4&0|0|5": [
        1.0126355430876313,
        3713
    ],
    "0|0|4&0|0|7:0|0|6&4|3|5": [
        1.0125108849237645,
        4755
    ],
    "0|0|4&0|0|2:0|0|6&4|0|3": [
        1.012384784335851,
        4071
    ],
    "0|0|4&0|5|7:0|0|6&4|0|3": [
        1.0119878973800716,
        6014
    ],
    "0|0|4&0|0|2:0|4|6&0|0|5": [
        1.011937154268494,
        3785
    ],
    "0|0|4&0|2|7:0|0|6&4|0|5": [
        1.0119108117798405,
        5077
    ],
    "0|0|4&0|0|2:0|0|6&4|3|5": [
        1.0115807316962118,
        4118
    ],
    "0|0|4&0|2|7:0|0|6&4|0|3": [
        1.0114160785131094,
        5435
    ],
    "0|0|4&0|0|7:0|0|6&4|2|3": [
        1.0111396391809835,
        5064
    ],
    "0|0|4&0|0|7:0|0|6&4|0|7": [
        1.0110941971253902,
        4805
    ],
    "0|0|4&0|0|7:0|0|6&4|0|2": [
        1.0109241679537169,
        4937
    ],
    "0|0|4:0|0|6": [
        1.0056793832886568,
        8860
    ],
    "0|0|4:0|0|4": [
        1.0029568880653195,
        17269
    ],
    "0|0|4:0|4|6": [
        1.0020941265670593,
        18506
    ],
    "1|4|6:0|0|6": [
        1.001872587554133,
        26555
    ],
    "0|4|6:0|0|6": [
        1.0013034398962326,
        23996
    ],
    "0|0|4:1|4|6": [
        1.0012870510886835,
        20139
    ],
    "1|4|6:0|0|4": [
        1.0010710711686421,
        24045
    ],
    "0|4|6:0|0|4": [
        1.0009066930431916,
        21231
    ],
    "0|4|6:0|4|6": [
        1.0007425772504905,
        36181
    ],
    "0|4|6:1|4|6": [
        1.0004325165389971,
        43080
    ],
    "0|0|1:0|0|1": [
        1.0003200520833333,
        60000
    ],
    "0|0|6:0|0|1": [
        0.9996822691905323,
        22941
    ],
    "0|0|6:0|0|4": [
        0.999524839964207,
        9080
    ]
}