{
    "0|0|4&0|0|2&0|5|7:0|0|6&4|5|7&4|0|3": [
        1.0150702828524159,
        2701
    ],
    "0|0|4&0|0|2&0|5|7:0|0|6&4|2|7&4|0|5": [
        1.014444881525361,
        2701
    ],
    "0|0|4&0|0|2&0|5|7:0|0|6&4|3|7&4|0|5": [
        1.0144165715977356,
        2705
    ],
    "0|0|4&0|0|2&0|5|7:0|0|6&6|5|7&4|0|5": [
        1.0141838496021678,
        2710
    ],
    "0|0|4&0|0|2&0|5|7:0|0|6&4|2|7&4|0|3": [
        1.0137537394447846,
        2857
    ],
    "0|0|4&0|0|2&0|5|7:0|0|6&4|2|5&4|0|3": [
        1.0135819329452114,
        2861
    ],
    "0|0|4&0|0|2&0|5|7:0|0|6&6|5|7&4|0|3": [
        1.013359855947651,
        2863
    ],
    "0|0|4&0|0|2&0|5|7:0|0|6&4|2|7&4|3|5": [
        1.013256887191655,
        2858
    ],
    "0|0|4&0|0|2&0|5|7:0|0|6&4|3|7&4|3|5": [
        1.0128992176588687,
        2864
    ],
    "0|0|4&0|0|2&2|5|7:0|0|6&4|5|7&4|0|3": [
        1.0128295208774718,
        3540
    ],
    "0|0|4&0|0|2&3|5|7:0|0|6&4|5|7&4|0|3": [
        1.012734668297962,
        3263
    ],
    "0|0|4&0|0|2:0|0|6&4|0|5": [
        1.0121314478026262,
        3608
    ],
    "0|0|4&0|0|7:0|0|6&4|0|3": [
        1.0115411931818181,
        4532
    ],
    "0|0|4&0|0|2:0|0|6&4|0|3": [
        1.0114058133157944,
        4003
    ],
    "0|0|4&0|0|2:0|0|6&4|3|5": [
        1.0107239311798186,
        4052
    ],
    "0|0|4&0|0|7:0|0|6&4|0|5": [
        1.0106660457275611,
        4412
    ],
    "0|0|4&0|2|7:0|0|6&4|0|3": [
        1.0103616380010205,
        5389
    ],
    "0|0|4&0|0|7:0|0|6&4|3|5": [
        1.0102266103727693,
        4651
    ],
    "0|0|4&0|2|7:0|0|6&4|0|5": [
        1.0098367820525582,
        5023
    ],
    "0|0|4&0|5|7:0|0|6&4|0|3": [
        1.009820677902525,
        6040
    ],
    "0|0|4&0|0|7:0|0|6&4|2|3": [
        1.0092518380017785,
        4920
    ],
    "0|0|4&0|0|7:0|0|6&4|0|2": [
        1.0092148950944084,
        4793
    ],
    "0|0|4&0|1|7:0|0|6&4|0|3": [
        1.0092087969809551,
        6931
    ],
    "0|0|4&0|0|2:0|0|6&4|0|7": [
        1.0089927732986852,
        4221
    ],
    "0|0|4:0|0|6": [
        1.005114401764388,
        8792
    ],
    "0|0|4:0|0|4": [
        1.00273522373598,
        17029
    ],
    "0|0|4:0|4|6": [
        1.001849495039465,
        18244
    ],
    "1|4|6:0|0|6": [
        1.0015931309448023,
        26704
    ],
    "0|4|6:0|0|6": [
        1.001104374610106,
        24045
    ],
    "0|0|4:1|4|6": [
        1.0010373849257463,
        19797
    ],
    "1|4|6:0|0|4": [
        1.000977218516458,
        23818
    ],
    "0|4|6:0|0|4": [
        1.0007208083341286,
        20959
    ],
    "0|0|6:0|4|6": [
        1.0004963386963697,
        21816
    ],
    "0|0|1:0|0|1": [
        1.0003722005208333,
        60000
    ],
    "0|0|6:0|0|6": [
        1.0002363037756454,
        20374
    ],
    "0|0|6:0|0|4": [
        0.999444055525483,
        9006
    ]
}