{
    "0|0|4&0|0|7:0|0|6&4|0|3": [
        1.0115799427345287,
        4573
    ],
    "0|0|4&0|0|7&3|5|7:0|0|6&6|5|7&4|0|3": [
        1.0115799427345287,
        4573
    ],
    "0|0|4&0|0|7&0|1|7:0|0|6&4|0|3&0|0|1": [
        1.0115799427345287,
        4573
    ],
    "0|0|4&0|2|7&0|2|3:0|0|6&4|5|7&4|0|3": [
        1.011552815981894,
        3590
    ],
    "0|0|4&0|0|2&2|5|7:0|0|6&4|5|7&4|0|3": [
        1.011552815981894,
        3590
    ],
    "0|0|4&2|5|7&0|0|7:0|0|6&4|5|7&4|0|3": [
        1.011428530226119,
        4334
    ],
    "0|0|4&0|2|7&0|5|7:0|0|6&4|5|7&4|0|3": [
        1.011428530226119,
        4334
    ],
    "0|0|4&0|0|7&3|5|7:0|0|6&4|5|7&4|0|3": [
        1.011428530226119,
        4334
    ],
    "0|0|4&0|0|7&2|5|7:0|0|6&4|2|3&0|0|5": [
        1.011428530226119,
        4334
    ],
    "0|0|4&0|5|7&0|2|7:0|0|6&4|2|5&4|0|3": [
        1.0114028981023102,
        4545
    ],
    "0|0|4&0|2|7&0|2|3:0|0|6&4|2|5&4|0|3": [
        1.0113932900799962,
        4008
    ],
    "0|0|4&0|0|2&2|5|7:0|0|6&4|2|5&4|0|3": [
        1.0113932900799962,
        4008
    ],
    "0|0|4&0|0|2&2|3|5:0|0|6&4|2|5&4|0|3": [
        1.0113932900799962,
        4008
    ],
    "0|0|4&0|2|7&0|2|3:0|0|6&4|3|7&4|0|5": [
        1.011366692629441,
        3631
    ],
    "0|0|4&0|0|2&2|5|7:0|0|6&4|3|7&4|0|5": [
        1.011366692629441,
        3631
    ],
    "0|0|4&0|2|7&0|2|3:0|0|6&6|5|7&4|0|5": [
        1.011292256188373,
        3651
    ],
    "0|0|4&0|2|7&0|2|3:0|0|6&6|2|7&4|0|5": [
        1.011292256188373,
        3651
    ],
    "0|0|4&0|0|2:0|0|6&4|0|5": [
        1.011292256188373,
        3651
    ],
    "0|0|4&0|0|2&2|5|7:0|0|6&6|5|7&4|0|5": [
        1.011292256188373,
        3651
    ],
    "0|0|4&0|0|2&2|5|7:0|0|6&6|2|7&4|0|5": [
        1.011292256188373,
        3651
    ],
    "0|0|4&0|0|2&2|5|7:0|0|6&4|5|7&4|3|5": [
        1.011292256188373,
        3651
    ],
    "0|0|4&0|2|7&0|2|3:0|0|6&6|3|7&4|0|3": [
        1.0112629040581704,
        4042
    ],
    "0|0|4&0|0|2:0|0|6&4|0|3": [
        1.0112629040581704,
        4042
    ],
    "0|0|4&0|0|2&2|5|7:0|0|6&6|5|7&4|0|3": [
        1.0112629040581704,
        4042
    ],
    "0|0|4&0|0|2&2|5|7:0|0|6&4|2|3&4|3|5": [
        1.0112629040581704,
        4042
    ],
    "0|0|4&0|0|2&2|3|5:0|0|6&6|5|7&4|0|3": [
        1.0112629040581704,
        4042
    ],
    "0|0|4&0|2|7&0|2|3:0|0|6&4|2|7&4|0|3": [
        1.0111835162722822,
        3983
    ],
    "0|0|4&0|2|3&0|2|7:0|0|6&4|3|5&4|0|2": [
        1.0111835162722822,
        3983
    ],
    "0|0|4&0|0|2&2|5|7:0|0|6&4|2|7&4|0|3": [
        1.0111835162722822,
        3983
    ],
    "0|0|4&0|0|2&3|5|7:0|0|6&4|3|7&4|0|5": [
        1.0110379309089372,
        3326
    ],
    "0|0|4&0|0|2&0|3|7:0|0|6&4|3|7&0|0|5": [
        1.0110379309089372,
        3326
    ],
    "0|0|4&0|0|2&3|5|7:0|0|6&4|5|7&4|0|3": [
        1.010927716613936,
        3299
    ],
    "0|0|4&0|0|2&3|5|7:0|0|6&4|2|3&0|0|5": [
        1.010927716613936,
        3299
    ],
    "0|0|4&0|2|7:0|0|6&4|0|3": [
        1.0109055801713374,
        5406
    ],
    "0|0|4&0|0|2&2|5|7:0|0|6&4|2|7&4|0|5": [
        1.0108591151607538,
        3608
    ],
    "0|0|4&0|0|2&2|5|7:0|0|6&4|0|7&4|3|5": [
        1.0108591151607538,
        3608
    ],
    "0|0|4&0|0|2:0|0|6&4|3|5": [
        1.0106595534513327,
        4089
    ],
    "0|0|4&1|2|3&0|5|7:0|0|6&4|3|5&4|0|2": [
        1.010532777982765,
        5251
    ],
    "0|0|4&0|0|7:0|0|6&4|0|5": [
        1.0104590061247216,
        4490
    ],
    "0|0|4&0|0|7:0|0|6&4|3|5": [
        1.0101668684095486,
        4718
    ],
    "0|0|4&0|2|7:0|0|6&4|0|5": [
        1.0098999406103057,
        5104
    ],
    "0|0|4&0|0|7:0|0|6&4|2|3": [
        1.0096246478479944,
        5036
    ],
    "0|0|4&0|5|7:0|0|6&4|0|3": [
        1.0094808010176588,
        6031
    ],
    "0|0|4&0|0|7:0|0|6&4|0|2": [
        1.0093485826555146,
        4887
    ],
    "0|0|4&0|0|2:0|0|6&4|5|7": [
        1.0084196554174323,
        4354
    ],
    "0|0|4:0|0|6": [
        1.0055754497148235,
        8898
    ],
    "0|0|4:0|0|4": [
        1.0022729735286273,
        16872
    ],
    "0|0|4:0|4|6": [
        1.0021885699099895,
        18109
    ],
    "1|4|6:0|0|6": [
        1.0016688531839624,
        26500
    ],
    "0|0|4:1|4|6": [
        1.0013374337130823,
        19706
    ],
    "0|4|6:0|0|6": [
        1.00098492530539,
        23822
    ],
    "0|0|6:0|4|6": [
        1.0004612926465142,
        21602
    ],
    "0|4|6:0|4|6": [
        1.0003332085723122,
        35568
    ],
    "0|0|6:0|0|6": [
        1.0003253752298593,
        20121
    ],
    "1|4|6:0|0|4": [
        1.0003053713737562,
        23716
    ],
    "0|4|6:0|0|4": [
        0.9998695227703871,
        20822
    ],
    "0|0|6:0|0|4": [
        0.998751655803912,
        9177
    ]
}