{
    "1|8|11&0|0|5&7|9|10:1|8|11&0|0|9&8|9|12": [
        1.0247535497626166,
        5687
    ],
    "1|8|11&0|0|5&7|9|10:4|6|8&0|0|9&8|9|12": [
        1.0247272152594546,
        5685
    ],
    "1|8|11&0|0|5&7|9|10:4|8|11&0|0|9&8|9|12": [
        1.024724209130387,
        5685
    ],
    "1|8|11&0|0|5&7|9|10:4|8|11&0|0|9&0|0|1": [
        1.024724209130387,
        5685
    ],
    "4|6|8&0|0|5&7|9|10:1|8|11&0|0|9&0|0|1": [
        1.0247181433839694,
        5686
    ],
    "4|8|11&0|0|5&7|9|10:4|6|8&0|0|9&8|9|12": [
        1.024716532289101,
        5684
    ],
    "4|8|11&0|0|5&7|9|10:4|8|11&0|0|9&8|9|12": [
        1.0247134397266449,
        5684
    ],
    "4|8|11&0|0|5&7|9|10:4|8|11&0|0|9&0|0|1": [
        1.0247134397266449,
        5684
    ],
    "4|6|8&0|0|5&7|9|10:4|8|11&0|0|9&8|9|12": [
        1.0246887851315094,
        5684
    ],
    "1|8|11&0|0|5&0|0|7:1|8|11&0|0|9&0|0|1": [
        1.024664359626912,
        4838
    ],
    "4|8|11&0|0|5&0|7|9:1|8|11&0|0|9&8|9|12": [
        1.0246499759342051,
        4837
    ],
    "4|8|11&0|0|5&0|7|9:1|8|11&0|0|9&0|0|1": [
        1.0246499759342051,
        4837
    ],
    "1|8|11&0|0|5&0|0|7:4|6|8&0|0|9&0|0|1": [
        1.0246333649968982,
        4836
    ],
    "1|8|11&0|0|5&7|10|12:4|8|11&0|0|9&8|9|12": [
        1.0246299236420493,
        5836
    ],
    "1|8|11&0|0|5&7|10|12:4|8|11&0|0|9&0|0|1": [
        1.0246299236420493,
        5836
    ],
    "1|8|11&0|0|5&0|7|9:4|8|11&0|0|9&8|9|12": [
        1.0246298311168838,
        4836
    ],
    "4|6|8&0|0|5&0|7|9:1|8|11&0|0|9&8|9|12": [
        1.0246252438882573,
        4837
    ],
    "4|6|8&0|0|5&0|7|9:1|8|11&0|0|9&0|0|1": [
        1.0246252438882573,
        4837
    ],
    "4|8|11&0|0|5&7|10|12:4|8|11&0|0|9&8|9|12": [
        1.024619416773779,
        5835
    ],
    "4|8|11&0|0|5&7|10|12:4|8|11&0|0|9&0|0|1": [
        1.024619416773779,
        5835
    ],
    "4|8|11&0|0|5&0|7|9:4|8|11&0|0|9&8|9|12": [
        1.0246154343329885,
        4835
    ],
    "4|8|11&0|0|5&0|7|9:4|8|11&0|0|9&0|0|1": [
        1.0246154343329885,
        4835
    ],
    "1|8|11&0|0|5:1|8|11&0|0|9": [
        1.0246089431757697,
        6106
    ],
    "1|8|11&0|0|5&5|9|12:1|8|11&0|0|9&8|9|12": [
        1.0246089431757697,
        6106
    ],
    "4|6|8&0|0|5&7|10|12:4|6|8&0|0|9&8|9|12": [
        1.0245983290488432,
        5835
    ],
    "4|6|8&0|0|5&0|7|9:4|8|11&0|0|9&8|9|12": [
        1.0245905910677353,
        4835
    ],
    "4|8|11&0|0|5:1|8|11&0|0|9": [
        1.024589139921171,
        6105
    ],
    "4|8|11&0|0|5&5|9|12:1|8|11&0|0|9&8|9|12": [
        1.024589139921171,
        6105
    ],
    "1|8|11&0|0|5:4|6|8&0|0|9": [
        1.0245843689844774,
        6104
    ],
    "1|8|11&0|0|5&5|9|12:4|6|8&0|0|9&8|9|12": [
        1.0245843689844774,
        6104
    ],
    "1|8|11&0|0|5:4|8|11&0|0|9": [
        1.0245815692066678,
        6104
    ],
    "1|8|11&0|0|5&5|9|12:4|8|11&0|0|9&8|9|12": [
        1.0245815692066678,
        6104
    ],
    "0|4|8&0|0|5:1|8|11&0|0|9": [
        1.024574343519656,
        6105
    ],
    "0|4|8&0|0|5:1|6|8&0|0|9": [
        1.024574343519656,
        6105
    ],
    "0|4|8&0|0|5&5|9|12:1|8|11&0|0|9&8|9|12": [
        1.024574343519656,
        6105
    ],
    "4|6|8&0|0|5:1|8|11&0|0|9": [
        1.0245729838503277,
        6105
    ],
    "4|6|8&0|0|5&5|9|12:1|8|11&0|0|9&8|9|12": [
        1.0245729838503277,
        6105
    ],
    "4|8|11&0|0|5:4|6|8&0|0|9": [
        1.0245646352203834,
        6103
    ],
    "4|8|11&0|0|5&5|9|12:4|6|8&0|0|9&8|9|12": [
        1.0245646352203834,
        6103
    ],
    "4|8|11&0|0|5:4|8|11&0|0|9": [
        1.0245617549770605,
        6103
    ],
    "4|8|11&0|0|5&5|9|12:4|8|11&0|0|9&8|9|12": [
        1.0245617549770605,
        6103
    ],
    "0|4|8&0|0|5:4|6|8&0|0|9": [
        1.024549753963215,
        6103
    ],
    "4|6|8&0|0|5:4|6|8&0|0|9": [
        1.0245483938483122,
        6103
    ],
    "4|6|8&0|0|5&5|9|12:4|6|8&0|0|9&8|9|12": [
        1.0245483938483122,
        6103
    ],
    "0|4|8&0|0|5:4|8|11&0|0|9": [
        1.024546873719892,
        6103
    ],
    "4|6|8&0|0|5:4|8|11&0|0|9": [
        1.0245455136049892,
        6103
    ],
    "0|0|4:0|0|8": [
        1.014978898973784,
        8697
    ],
    "0|4|6:0|0|8": [
        1.0083911983306098,
        13463
    ],
    "0|4|11:0|0|8": [
        1.0081253495525726,
        13410
    ],
    "0|0|6:0|0|8": [
        1.0065283941485865,
        10647
    ],
    "0|0|6:0|0|11": [
        1.005339222765522,
        8794
    ],
    "4|6|11:0|0|8": [
        1.0050404057771665,
        18175
    ],
    "0|0|4:0|6|8": [
        1.004863275359405,
        19894
    ],
    "0|0|4:0|8|11": [
        1.0048191818252143,
        22622
    ],
    "0|6|11:0|0|8": [
        1.0047164099050223,
        17741
    ],
    "0|0|1:0|0|8": [
        1.0044447505087575,
        21867
    ],
    "0|0|11:0|0|8": [
        1.0042958894314424,
        11494
    ],
    "0|0|4:0|0|11": [
        1.0036430424228044,
        21601
    ]
}