{
    "1|8|11&0|0|5:1|8|11&0|0|9": [
        1.0261736538623714,
        5929
    ],
    "1|8|11&0|0|5&5|9|12:1|8|11&0|0|9&9|10|12": [
        1.0261736538623714,
        5929
    ],
    "1|8|11&0|0|5:4|8|11&0|0|9": [
        1.026152406339602,
        5929
    ],
    "1|8|11&0|0|5&5|9|12:4|8|11&0|0|9&9|10|12": [
        1.026152406339602,
        5929
    ],
    "1|8|11&0|0|5:4|6|8&0|0|9": [
        1.0261505121805954,
        5929
    ],
    "1|8|11&0|0|5&5|9|12:4|6|8&0|0|9&9|10|12": [
        1.0261505121805954,
        5929
    ],
    "4|6|8&0|0|5:1|8|11&0|0|9": [
        1.0261489474405465,
        5929
    ],
    "4|6|8&0|0|5&5|9|12:1|8|11&0|0|9&9|10|12": [
        1.0261489474405465,
        5929
    ],
    "0|4|8&0|0|5:1|8|11&0|0|9": [
        1.0261475927273112,
        5928
    ],
    "0|4|8&0|0|5&5|9|12:1|8|11&0|0|9&9|10|12": [
        1.0261475927273112,
        5928
    ],
    "4|8|11&0|0|5:4|8|11&0|0|9": [
        1.026128812679234,
        5928
    ],
    "4|8|11&0|0|5&5|9|12:4|8|11&0|0|9&9|10|12": [
        1.026128812679234,
        5928
    ],
    "4|6|8&0|0|5:4|8|11&0|0|9": [
        1.026127699917777,
        5929
    ],
    "4|6|8&0|0|5&5|9|12:4|8|11&0|0|9&9|10|12": [
        1.026127699917777,
        5929
    ],
    "4|6|8&0|0|5:4|6|8&0|0|9": [
        1.0261258881135098,
        5929
    ],
    "4|6|8&0|0|5&5|9|12:4|6|8&0|0|9&9|10|12": [
        1.0261258881135098,
        5929
    ],
    "0|4|8&0|0|5:4|6|8&0|0|9": [
        1.0261245295103745,
        5928
    ],
    "0|4|8&0|0|5&5|9|12:4|6|8&0|0|9&9|10|12": [
        1.0261245295103745,
        5928
    ],
    "0|4|8&0|0|5&5|9|10:0|4|8&0|0|9&9|10|12": [
        1.0261245295103745,
        5928
    ],
    "0|4|11&0|0|5:1|8|11&0|0|9": [
        1.025612064830044,
        5700
    ],
    "0|4|11&0|0|5:1|6|8&0|0|9": [
        1.025612064830044,
        5700
    ],
    "0|4|11&0|0|5&5|9|12:1|8|11&0|0|9&9|10|12": [
        1.025612064830044,
        5700
    ],
    "1|8|11&0|0|5&0|7|9:1|8|11&0|0|9&0|0|1": [
        1.0255920358299702,
        4708
    ],
    "1|8|11&0|0|5&0|7|9:1|4|8&0|0|9&9|10|12": [
        1.0255920358299702,
        4708
    ],
    "0|4|11&0|0|5:4|8|11&0|0|9": [
        1.0255902206688596,
        5700
    ],
    "0|4|11&0|0|5&5|9|12:4|8|11&0|0|9&9|10|12": [
        1.0255902206688596,
        5700
    ],
    "0|4|11&0|0|5&5|9|10:4|8|11&0|0|9&0|0|1": [
        1.0255902206688596,
        5700
    ],
    "4|6|11&0|0|5:1|8|11&0|0|9": [
        1.0255844976855821,
        5833
    ],
    "4|6|11&0|0|5&5|9|12:1|8|11&0|0|9&9|10|12": [
        1.0255844976855821,
        5833
    ],
    "4|6|11&0|0|5&5|9|12:1|8|11&0|0|9&0|0|1": [
        1.0255844976855821,
        5833
    ],
    "4|6|11&0|0|5:4|8|11&0|0|9": [
        1.0255629004693125,
        5833
    ],
    "4|6|11&0|0|5&5|9|12:4|8|11&0|0|9&9|10|12": [
        1.0255629004693125,
        5833
    ],
    "0|0|4:0|0|8": [
        1.0143517959376442,
        8668
    ],
    "0|4|11:0|0|8": [
        1.0083998506745553,
        13268
    ],
    "0|4|6:0|0|8": [
        1.0075238551384569,
        13506
    ],
    "0|0|6:0|0|8": [
        1.0057218842140423,
        10853
    ],
    "4|6|11:0|0|8": [
        1.0048972141673571,
        18105
    ],
    "0|0|4:0|8|11": [
        1.0047281432682287,
        22067
    ],
    "0|0|4:0|6|8": [
        1.0046593637915786,
        20353
    ],
    "0|0|11:0|0|8": [
        1.0045760407464663,
        11320
    ],
    "0|0|6:0|0|11": [
        1.0040729432221236,
        9022
    ],
    "0|0|1:0|0|8": [
        1.0040047142069735,
        21998
    ],
    "0|0|6:0|8|11": [
        1.0033072957122884,
        12874
    ]
}