{
    "1|8|11&0|0|5:4|6|8&0|0|9": [
        1.0236762294247066,
        6136
    ],
    "1|8|11&0|0|5&5|9|12:4|6|8&0|0|9&9|10|12": [
        1.0236762294247066,
        6136
    ],
    "4|8|11&0|0|5:4|6|8&0|0|9": [
        1.0236387021189894,
        6135
    ],
    "4|8|11&0|0|5&5|9|12:4|6|8&0|0|9&9|10|12": [
        1.0236387021189894,
        6135
    ],
    "1|8|11&0|0|5:1|8|11&0|0|9": [
        1.02359548738392,
        6138
    ],
    "1|8|11&0|0|5&5|9|12:1|8|11&0|0|9&9|10|12": [
        1.02359548738392,
        6138
    ],
    "1|8|11&0|0|5:4|8|11&0|0|9": [
        1.0235823851484847,
        6137
    ],
    "1|8|11&0|0|5&5|9|12:4|8|11&0|0|9&9|10|12": [
        1.0235823851484847,
        6137
    ],
    "4|8|11&0|0|5:1|8|11&0|0|9": [
        1.0235579591514583,
        6137
    ],
    "4|8|11&0|0|5&5|9|12:1|8|11&0|0|9&9|10|12": [
        1.0235579591514583,
        6137
    ],
    "4|8|11&0|0|5:4|8|11&0|0|9": [
        1.023544848664643,
        6136
    ],
    "4|8|11&0|0|5&5|9|12:4|8|11&0|0|9&9|10|12": [
        1.023544848664643,
        6136
    ],
    "4|8|11&0|0|5&5|9|12:4|8|11&0|0|9&1|9|12": [
        1.023544848664643,
        6136
    ],
    "1|8|11&0|0|5&7|9|10:4|6|8&0|0|9&0|0|1": [
        1.023316075106847,
        5674
    ],
    "1|8|11&0|0|5&7|9|10:1|6|8&0|0|9&0|0|1": [
        1.0232315184471366,
        5675
    ],
    "1|8|11&0|0|5&7|9|10:4|8|11&0|0|9&9|10|12": [
        1.0232171496420706,
        5675
    ],
    "4|8|11&0|0|5&7|9|10:1|8|11&0|0|9&9|10|12": [
        1.0232010183512512,
        5674
    ],
    "4|8|11&0|0|5&7|9|10:4|8|11&0|0|9&9|10|12": [
        1.023186733069704,
        5674
    ],
    "4|8|11&0|0|5&7|9|10:4|8|11&0|0|9&0|0|1": [
        1.023186733069704,
        5674
    ],
    "1|8|11&0|0|5&7|10|12:4|6|8&0|0|9&9|10|12": [
        1.0231683396599658,
        5845
    ],
    "0|0|6&0|0|5&0|9|12:4|6|8&0|0|9&0|0|1": [
        1.0231177437637395,
        2047
    ],
    "1|8|11&0|0|5&0|7|9:4|6|8&0|0|9&9|10|12": [
        1.0231158254949213,
        4824
    ],
    "4|6|11&0|0|5:4|6|8&0|0|9": [
        1.0231051547739891,
        6034
    ],
    "4|6|11&0|0|5&5|9|12:4|6|8&0|0|9&9|10|12": [
        1.0231051547739891,
        6034
    ],
    "4|8|11&0|0|5&7|10|12:4|8|11&0|0|9&9|10|12": [
        1.0230487128421728,
        5845
    ],
    "4|6|11&0|0|5:1|8|11&0|0|9": [
        1.023023156633118,
        6036
    ],
    "4|6|11&0|0|5&5|9|12:1|8|11&0|0|9&9|10|12": [
        1.023023156633118,
        6036
    ],
    "0|4|6&0|0|5:4|6|8&0|0|9": [
        1.0230163277185769,
        5959
    ],
    "0|4|6&0|0|5&5|9|12:4|6|8&0|0|9&9|10|12": [
        1.0230163277185769,
        5959
    ],
    "0|4|6&0|0|5&5|9|12:0|4|8&0|0|9&9|10|12": [
        1.0230163277185769,
        5959
    ],
    "4|6|11&0|0|5:4|8|11&0|0|9": [
        1.0230098190244408,
        6035
    ],
    "4|6|11&0|0|5&5|9|12:4|8|11&0|0|9&9|10|12": [
        1.0230098190244408,
        6035
    ],
    "0|4|6&0|0|5&5|9|12:1|8|11&0|0|9&9|10|12": [
        1.0229334096103841,
        5961
    ],
    "0|4|6&0|0|5:4|8|11&0|0|9": [
        1.022919807178062,
        5960
    ],
    "0|4|6&0|0|5&5|9|12:4|8|11&0|0|9&9|10|12": [
        1.022919807178062,
        5960
    ],
    "0|4|11&0|0|5:4|6|8&0|0|9": [
        1.022694176040257,
        5912
    ],
    "0|4|11&0|0|5:1|8|11&0|0|9": [
        1.0226107904707051,
        5914
    ],
    "0|0|4:0|0|8": [
        1.0143980485109354,
        8596
    ],
    "0|4|6:0|0|8": [
        1.0079711164491914,
        13354
    ],
    "0|4|11:0|0|8": [
        1.0078835200648524,
        13338
    ],
    "0|0|6:0|0|8": [
        1.0066361388001297,
        10797
    ],
    "0|0|6:0|0|11": [
        1.0058833183578513,
        8973
    ],
    "0|0|4:0|8|11": [
        1.0051061613824894,
        22181
    ],
    "4|6|11:0|0|8": [
        1.0048543154844147,
        18094
    ],
    "0|6|11:0|0|8": [
        1.0045425552505631,
        17760
    ],
    "0|0|4:0|6|8": [
        1.0044445609619688,
        20115
    ],
    "0|0|6:0|8|11": [
        1.0042832517359757,
        12817
    ],
    "0|0|1:0|0|8": [
        1.0040436917977889,
        21799
    ],
    "0|0|11:0|0|8": [
        1.0037518945176205,
        11464
    ]
}