{
    "0|0|4&0|5|7&0|0|2:0|0|6&4|5|7&4|0|3": [
        1.017955127660779,
        2760
    ],
    "0|0|4&0|5|7&0|0|2:0|0|6&4|3|7&4|0|5": [
        1.0176309765483826,
        2767
    ],
    "0|0|4&0|5|7&0|0|2:0|0|6&4|0|5&4|3|7": [
        1.0176309765483826,
        2767
    ],
    "0|0|4&0|5|7&0|0|2:0|0|6&4|2|5&4|0|3": [
        1.0171620200777758,
        2909
    ],
    "0|0|4&0|5|7&0|0|2:0|0|6&4|3|5&4|0|7": [
        1.0171267651614508,
        2764
    ],
    "0|0|4&0|5|7&0|0|2:0|0|6&4|2|7&4|0|5": [
        1.0171267651614508,
        2764
    ],
    "0|0|4&0|5|7&0|0|2:0|0|6&6|5|7&4|0|5": [
        1.0170803283449117,
        2771
    ],
    "0|0|4&0|5|7&0|0|2:0|0|6&6|3|7&4|0|5": [
        1.0170803283449117,
        2771
    ],
    "0|0|4&0|5|7&0|0|2:0|0|6&4|5|7&4|3|5": [
        1.0170803283449117,
        2771
    ],
    "0|0|4&0|5|7&0|0|2:0|0|6&4|3|5&4|0|2": [
        1.0169246774557408,
        2909
    ],
    "0|0|4&0|5|7&0|0|2:0|0|6&4|2|7&4|0|3": [
        1.0169246774557408,
        2909
    ],
    "0|0|4&0|5|7&0|0|2:0|0|6&6|5|7&4|0|3": [
        1.016824299015411,
        2920
    ],
    "0|0|4&0|5|7&0|0|2:0|0|6&4|2|7&4|3|5": [
        1.016604912628645,
        2915
    ],
    "0|0|4&3|5|7&0|0|2:0|0|6&4|5|7&4|0|3": [
        1.016588767805454,
        3282
    ],
    "0|0|4&0|5|7&0|0|2:0|0|6&4|3|7&4|3|5": [
        1.016585041705827,
        2926
    ],
    "0|0|4&0|5|7&0|0|2:0|0|6&4|2|5&4|3|5": [
        1.0163441233620247,
        2919
    ],
    "0|0|4&0|3|5&0|0|2:0|0|6&4|5|7&4|0|3": [
        1.0163307500079395,
        1968
    ],
    "0|0|4&0|3|5&0|0|2:0|0|6&4|2|7&4|0|5": [
        1.0162070005467165,
        1972
    ],
    "0|0|4&0|0|2:0|0|6&4|0|5": [
        1.0151533251337082,
        3646
    ],
    "0|0|4&0|0|2:0|0|4&6|0|5": [
        1.0151166379193723,
        3696
    ],
    "0|0|4&0|0|2:0|4|6&0|0|5": [
        1.014486218031275,
        3761
    ],
    "0|0|4&0|0|2:0|0|6&4|0|3": [
        1.0143445036697107,
        4079
    ],
    "0|0|4&0|0|7:0|0|6&4|0|3": [
        1.0141095652638326,
        4681
    ],
    "0|0|4&0|0|7:0|0|6&4|0|5": [
        1.013765287180607,
        4579
    ],
    "0|0|4&0|0|2:0|1|4&0|0|5": [
        1.01375329764912,
        3835
    ],
    "0|0|4&0|0|2:0|0|6&4|3|5": [
        1.0134107727774753,
        4131
    ],
    "0|0|4&0|2|7:0|0|6&4|0|5": [
        1.0130968745450797,
        5152
    ],
    "0|0|4&0|0|7:0|0|6&4|3|5": [
        1.0130185451984701,
        4837
    ],
    "0|0|4&0|2|7:0|0|6&4|0|3": [
        1.0128219463947084,
        5537
    ],
    "0|0|4&0|0|7:0|0|6&4|2|3": [
        1.0119933070530318,
        5129
    ],
    "0|0|4&0|0|7:0|0|6&4|0|7": [
        1.0114905793259403,
        4892
    ],
    "0|0|4&0|0|2:0|0|6&4|0|7": [
        1.0114732027108781,
        4339
    ],
    "0|0|4:0|0|6": [
        1.0065914720759424,
        9020
    ],
    "0|0|4:0|0|4": [
        1.0027328983716197,
        17195
    ],
    "1|4|6:0|0|6": [
        1.0021559850885902,
        26188
    ],
    "0|0|4:0|4|6": [
        1.002072290134141,
        18488
    ],
    "0|4|6:0|0|6": [
        1.0016789030590538,
        23504
    ],
    "0|0|4:1|4|6": [
        1.0015666622062338,
        20084
    ],
    "1|4|6:0|0|4": [
        1.0008863739136762,
        24049
    ],
    "0|4|6:0|0|4": [
        1.0008192343653837,
        21123
    ],
    "0|0|6:0|0|6": [
        1.0007801602523458,
        19715
    ],
    "0|0|1:0|0|1": [
        1.0005724609375,
        60000
    ],
    "0|0|6:0|4|6": [
        1.0004997609999056,
        21182
    ],
    "0|0|6:0|0|4": [
        0.9992324427117353,
        9186
    ]
}