{
    "1|8|11&0|0|5:0|4|8&0|0|9": [
        1.0229731251023415,
        6107
    ],
    "1|8|11&0|0|5&5|9|12:0|4|8&0|0|9&8|9|12": [
        1.0229731251023415,
        6107
    ],
    "1|8|11&0|0|5&5|9|12:0|4|8&0|0|9&8|1|9": [
        1.0229731251023415,
        6107
    ],
    "1|8|11&0|0|5:4|6|8&0|0|9": [
        1.0229699235377783,
        6108
    ],
    "1|8|11&0|0|5&5|9|12:4|6|8&0|0|9&8|9|12": [
        1.0229699235377783,
        6108
    ],
    "1|8|11&0|0|5&5|9|10:4|6|8&0|0|9&8|9|12": [
        1.0229699235377783,
        6108
    ],
    "4|6|8&0|0|5:0|4|8&0|0|9": [
        1.0229548955092518,
        6107
    ],
    "4|6|8&0|0|5&5|9|12:0|4|8&0|0|9&8|9|12": [
        1.0229548955092518,
        6107
    ],
    "4|6|8&0|0|5&5|7|9:0|4|8&0|0|9&8|9|12": [
        1.0229548955092518,
        6107
    ],
    "4|6|8&0|0|5&0|0|1:0|4|8&0|0|9&0|0|1": [
        1.0229548955092518,
        6107
    ],
    "4|8|11&0|0|5:0|4|8&0|0|9": [
        1.022954095965695,
        6107
    ],
    "4|8|11&0|0|5&5|9|12:0|4|8&0|0|9&8|9|12": [
        1.022954095965695,
        6107
    ],
    "4|6|8&0|0|5:4|6|8&0|0|9": [
        1.0229517768704977,
        6108
    ],
    "4|6|8&0|0|5&5|9|12:4|6|8&0|0|9&8|9|12": [
        1.0229517768704977,
        6108
    ],
    "0|4|8&0|0|5:0|4|8&0|0|9": [
        1.0229510577001801,
        6107
    ],
    "0|4|8&0|0|5&5|7|9:0|4|8&0|0|9&8|9|12": [
        1.0229510577001801,
        6107
    ],
    "4|8|11&0|0|5&5|9|12:4|6|8&0|0|9&8|9|12": [
        1.0229509774578422,
        6108
    ],
    "0|4|8&0|0|5:4|6|8&0|0|9": [
        1.0229478597484856,
        6108
    ],
    "0|4|8&0|0|5&5|9|12:4|6|8&0|0|9&8|9|12": [
        1.0229478597484856,
        6108
    ],
    "0|4|8&0|0|5&5|7|9:4|6|8&0|0|9&8|9|12": [
        1.0229478597484856,
        6108
    ],
    "1|8|11&0|0|5:1|8|11&0|0|9": [
        1.0229079690569745,
        6108
    ],
    "1|8|11&0|0|5&5|9|12:1|8|11&0|0|9&8|9|12": [
        1.0229079690569745,
        6108
    ],
    "1|8|11&0|0|5:4|8|11&0|0|9": [
        1.0228989274602915,
        6107
    ],
    "1|8|11&0|0|5&5|9|12:4|8|11&0|0|9&8|9|12": [
        1.0228989274602915,
        6107
    ],
    "4|6|8&0|0|5:1|8|11&0|0|9": [
        1.0228899023309594,
        6108
    ],
    "4|6|8&0|0|5&5|9|12:1|8|11&0|0|9&8|9|12": [
        1.0228899023309594,
        6108
    ],
    "4|6|8&0|0|5&5|9|12:1|6|8&0|0|9&8|9|12": [
        1.0228899023309594,
        6108
    ],
    "4|6|8&0|0|5&5|9|12:1|4|8&0|0|9&8|9|12": [
        1.0228899023309594,
        6108
    ],
    "0|4|8&0|0|5:1|8|11&0|0|9": [
        1.0228859052676817,
        6108
    ],
    "0|4|8&0|0|5&5|9|12:1|8|11&0|0|9&8|9|12": [
        1.0228859052676817,
        6108
    ],
    "0|4|8&0|0|5&5|9|12:1|6|8&0|0|9&8|9|12": [
        1.0228859052676817,
        6108
    ],
    "4|6|8&0|0|5:4|8|11&0|0|9": [
        1.0228807778215572,
        6107
    ],
    "4|6|8&0|0|5&5|9|12:4|8|11&0|0|9&8|9|12": [
        1.0228807778215572,
        6107
    ],
    "0|4|8&0|0|5:4|8|11&0|0|9": [
        1.02287686005813,
        6107
    ],
    "0|4|8&0|0|5&5|9|12:4|8|11&0|0|9&8|9|12": [
        1.02287686005813,
        6107
    ],
    "0|4|8&0|0|5&5|7|9:4|8|11&0|0|9&8|9|12": [
        1.02287686005813,
        6107
    ],
    "4|8|11&0|0|5&0|9|10:4|8|11&0|0|9&8|9|12": [
        1.0228573367803424,
        2410
    ],
    "4|8|11&0|0|5&0|9|10:4|6|8&0|0|9&8|9|12": [
        1.0228573367803424,
        2410
    ],
    "4|8|11&0|0|5&0|9|10:1|8|11&0|0|9&8|9|12": [
        1.0228573367803424,
        2410
    ],
    "4|6|8&0|0|5&0|9|10:4|6|8&0|0|9&8|9|12": [
        1.0228438634595436,
        2410
    ],
    "4|6|11&0|0|5:4|6|8&0|0|9": [
        1.0222887553906121,
        6029
    ],
    "4|6|11&0|0|5&5|9|12:4|6|8&0|0|9&8|9|12": [
        1.0222887553906121,
        6029
    ],
    "4|6|11&0|0|5:1|8|11&0|0|9": [
        1.0222259081107978,
        6029
    ],
    "4|6|11&0|0|5&5|9|12:1|8|11&0|0|9&8|9|12": [
        1.0222259081107978,
        6029
    ],
    "4|6|11&0|0|5:4|8|11&0|0|9": [
        1.0222166348706039,
        6028
    ],
    "4|6|11&0|0|5&5|9|12:4|8|11&0|0|9&8|9|12": [
        1.0222166348706039,
        6028
    ],
    "0|4|6&0|0|5:4|6|8&0|0|9": [
        1.0219469312826124,
        5941
    ],
    "0|0|4:0|0|8": [
        1.0135406747749307,
        8664
    ],
    "0|4|6:0|0|8": [
        1.0078377101732336,
        13248
    ],
    "0|4|11:0|0|8": [
        1.0073399720998737,
        13452
    ],
    "0|0|6:0|0|8": [
        1.0071121970057033,
        10520
    ],
    "0|0|6:0|0|11": [
        1.006405143090071,
        8893
    ],
    "0|0|4:0|8|11": [
        1.004956953298226,
        22550
    ],
    "4|6|11:0|0|8": [
        1.0047258649553572,
        18032
    ],
    "0|0|4:0|6|8": [
        1.004408437994462,
        20224
    ],
    "0|6|11:0|0|8": [
        1.004344480901008,
        17658
    ],
    "0|0|1:0|0|8": [
        1.0039377534679017,
        21699
    ],
    "0|0|11:0|0|8": [
        1.0034379844126766,
        11612
    ],
    "0|0|4:0|0|1": [
        1.0017224016341062,
        43816
    ]
}