{
    "0|0|4&0|5|7&0|0|2:0|0|6&0|5|7&0|0|3": [
        1.015703240912463,
        2696
    ],
    "0|0|4&0|2|3&0|0|7:0|0|6&0|5|7&0|0|3": [
        1.015703240912463,
        2696
    ],
    "0|0|4&0|2|3&0|0|7:0|0|6&0|0|5&0|0|3": [
        1.015703240912463,
        2696
    ],
    "0|0|4&0|5|7&0|0|2:0|0|6&0|3|5&0|0|7": [
        1.0152230192008995,
        2696
    ],
    "0|0|4&0|5|7&0|0|2:0|0|6&0|2|7&0|0|5": [
        1.0152230192008995,
        2696
    ],
    "0|0|4&0|2|3&0|0|7:0|0|6&0|3|5&0|0|7": [
        1.0152230192008995,
        2696
    ],
    "0|0|4&0|2|3&0|0|7:0|0|6&0|2|7&0|0|5": [
        1.0152230192008995,
        2696
    ],
    "0|0|4&2|5|7&0|0|2:0|0|6&0|5|7&0|0|3": [
        1.0151896135955965,
        3554
    ],
    "0|0|4&2|3|5&0|0|2:0|0|6&0|5|7&0|0|3": [
        1.0151896135955965,
        3554
    ],
    "0|0|4&0|2|7&0|2|3:0|0|6&0|0|5&0|2|3": [
        1.0151896135955965,
        3554
    ],
    "0|0|4&0|2|3&0|2|7:0|0|6&0|5|7&0|0|3": [
        1.0151896135955965,
        3554
    ],
    "0|0|4&0|5|7&0|0|2:0|0|6&2|3|7&0|0|5": [
        1.0151631025629164,
        2702
    ],
    "0|0|4&0|5|7&0|0|2:0|0|6&0|0|5&0|3|7": [
        1.0151631025629164,
        2702
    ],
    "0|0|4&0|2|3&0|0|7:0|0|6&2|3|7&0|0|5": [
        1.0151631025629164,
        2702
    ],
    "0|0|4&0|0|2&0|0|7:0|0|6&0|0|5&0|3|7": [
        1.0151631025629164,
        2702
    ],
    "0|0|4&0|5|7&0|0|2:0|4|6&0|5|7&0|0|3": [
        1.015048954017035,
        2715
    ],
    "0|0|4&0|5|7&0|0|2:0|4|6&0|2|3&0|0|5": [
        1.015048954017035,
        2715
    ],
    "0|0|4&0|2|3&0|0|7:0|4|6&0|5|7&0|0|3": [
        1.015048954017035,
        2715
    ],
    "0|0|4&0|2|3&0|0|7:0|4|6&0|0|5&0|0|3": [
        1.015048954017035,
        2715
    ],
    "0|0|4&3|5|7&0|0|2:0|0|6&0|5|7&0|0|3": [
        1.0148755450581395,
        3268
    ],
    "0|0|4&3|5|7&0|0|2:0|0|6&0|2|3&0|0|5": [
        1.0148755450581395,
        3268
    ],
    "0|0|4&0|0|2&0|3|7:0|0|6&0|0|5&0|0|3": [
        1.0148755450581395,
        3268
    ],
    "0|0|4&0|3|5&0|0|2:0|4|6&0|5|7&0|0|3": [
        1.014859562216645,
        1930
    ],
    "0|0|4&0|3|5&0|0|2:0|4|6&0|2|3&0|0|5": [
        1.014859562216645,
        1930
    ],
    "0|0|4&0|2|7&0|0|3:0|4|6&0|0|5&0|2|3": [
        1.014859562216645,
        1930
    ],
    "0|0|4&2|3|5&0|0|2:0|4|6&0|5|7&0|0|3": [
        1.014831931727707,
        3611
    ],
    "0|0|4&0|0|2&0|0|1:0|4|6&0|0|5&0|0|3": [
        1.014831931727707,
        3611
    ],
    "0|0|4&0|5|7&0|0|2:0|0|6&3|5|7&0|0|5": [
        1.0147645146963824,
        2709
    ],
    "0|0|4&0|5|7&0|0|2:0|0|6&2|5|7&0|0|5": [
        1.0147645146963824,
        2709
    ],
    "0|0|4&0|2|3&0|0|7:0|0|6&3|5|7&0|0|5": [
        1.0147645146963824,
        2709
    ],
    "0|0|4&0|0|2&0|0|7:0|0|6&0|0|5&0|0|1": [
        1.0147645146963824,
        2709
    ],
    "0|0|4&3|5|7&0|0|2:0|4|6&0|5|7&0|0|3": [
        1.0147360305003394,
        3314
    ],
    "0|0|4&2|3|5&0|0|2:0|0|4&0|5|7&0|0|3": [
        1.0147279568112102,
        3586
    ],
    "0|0|4&0|3|5&0|0|2:0|0|4&0|5|7&0|0|3": [
        1.0147275324606735,
        1923
    ],
    "0|0|4&0|3|5&0|0|2:0|0|4&0|2|3&0|0|5": [
        1.0147275324606735,
        1923
    ],
    "0|0|4&0|2|7&0|0|3:0|0|4&0|0|5&0|2|3": [
        1.0147275324606735,
        1923
    ],
    "0|0|4&0|5|7&0|0|2:0|0|4&0|5|7&0|0|3": [
        1.0146858592022845,
        2714
    ],
    "0|0|4&0|5|7&0|0|2:0|0|4&0|2|3&0|0|5": [
        1.0146858592022845,
        2714
    ],
    "0|0|4&0|2|3&0|0|7:0|0|4&0|5|7&0|0|3": [
        1.0146858592022845,
        2714
    ],
    "0|0|4&0|2|3&0|0|7:1|4|6&0|5|7&0|0|3": [
        1.0146256809059633,
        2725
    ],
    "0|0|4&0|2|3&0|2|7:0|0|6&2|3|7&0|0|5": [
        1.0144728573789312,
        3593
    ],
    "0|0|4&0|2|3&0|2|7:0|0|6&3|5|7&0|0|5": [
        1.014301465355886,
        3623
    ],
    "0|0|4&0|0|2:0|0|6&0|0|5": [
        1.014301465355886,
        3623
    ],
    "0|0|4&0|0|2:0|0|4&0|0|5": [
        1.0131945916723202,
        3685
    ],
    "0|0|4&0|0|2:0|4|6&0|0|5": [
        1.0125821820905458,
        3755
    ],
    "0|0|4&0|0|2:0|0|6&0|0|3": [
        1.0123343460648149,
        4050
    ],
    "0|0|4&0|0|2:1|4|6&0|0|5": [
        1.0122564855404343,
        3821
    ],
    "0|0|4&0|0|2:0|0|6&0|3|5": [
        1.011855125427246,
        4096
    ],
    "0|0|4&0|2|7:0|0|6&0|0|5": [
        1.0118066692631964,
        5115
    ],
    "0|0|4&0|0|2:0|0|6&0|0|7": [
        1.0115317292832984,
        4287
    ],
    "0|0|4&0|0|7:0|0|6&0|0|5": [
        1.0115173109828752,
        4511
    ],
    "0|0|4&0|0|2:0|0|6&0|5|7": [
        1.011294245637526,
        4341
    ],
    "0|0|4&0|0|7:0|0|6&0|0|7": [
        1.0110719042359668,
        4810
    ],
    "0|0|4&0|0|7:0|0|6&0|0|3": [
        1.0108128975048924,
        4599
    ],
    "0|0|4:0|0|6": [
        1.005920614105313,
        8978
    ],
    "0|0|4:0|0|4": [
        1.0026393581081081,
        17094
    ],
    "1|4|6:0|0|6": [
        1.0022005391328295,
        26327
    ],
    "0|0|4:1|4|6": [
        1.0015110777815333,
        19971
    ],
    "0|4|6:0|0|6": [
        1.0013530064759735,
        23703
    ],
    "1|4|6:0|4|6": [
        1.00077918324779,
        44227
    ],
    "1|4|6:0|0|4": [
        1.0007081916841005,
        23900
    ],
    "0|4|6:0|0|4": [
        1.000520975752568,
        21028
    ],
    "0|1|6:0|0|1": [
        1.000365234375,
        60000
    ],
    "0|0|6:0|0|1": [
        0.999480076087437,
        22622
    ],
    "0|0|6:0|0|4": [
        0.9988552636077681,
        9140
    ],
    "0|0|0:0|0|1": [
        0,
        0
    ]
}