{
    "0|0|4&1|7|11:0|0|8&0|0|11": [
        1.0393256420587742,
        7465
    ],
    "0|0|4&1|7|11&1|5|7&0|0|1:0|0|8&0|0|11&0|0|1&0|0|1": [
        1.0393256420587742,
        7465
    ],
    "0|0|4&1|7|11&0|0|1:0|0|8&0|0|11&0|0|1": [
        1.0393256420587742,
        7465
    ],
    "0|0|4&1|7|11:0|0|8&0|10|11": [
        1.0391692267951793,
        7924
    ],
    "0|0|4&1|7|11&1|7|11&0|0|1:0|0|8&0|10|11&0|0|1&0|0|1": [
        1.0391692267951793,
        7924
    ],
    "0|0|4&1|7|11&0|0|1:0|0|8&0|10|11&0|0|1": [
        1.0391692267951793,
        7924
    ],
    "0|0|4&1|7|10:0|0|8&0|10|11": [
        1.0391692267951793,
        7924
    ],
    "0|0|4&1|7|11:0|0|8&3|10|11": [
        1.03897070384403,
        8149
    ],
    "0|0|4&1|7|11&0|1|7&0|0|1:0|0|8&3|10|11&0|0|1&0|0|1": [
        1.03897070384403,
        8149
    ],
    "0|0|4&1|7|10:0|0|8&3|10|11": [
        1.03897070384403,
        8149
    ],
    "0|0|4&1|7|11:0|0|8&0|3|11": [
        1.038944813646603,
        7713
    ],
    "0|0|4&1|7|11&0|1|7&0|0|1:0|0|8&0|3|11&0|0|1&0|0|1": [
        1.038944813646603,
        7713
    ],
    "0|0|4&1|7|10:0|0|8&0|3|11": [
        1.038944813646603,
        7713
    ],
    "0|0|4:0|0|8": [
        1.0382663764557687,
        8286
    ],
    "0|0|4&1|7|11:0|0|8&1|7|11": [
        1.0382663764557687,
        8286
    ],
    "0|0|4&1|7|11&0|0|1:0|0|8&0|1|11&0|0|1": [
        1.0382663764557687,
        8286
    ],
    "0|0|4&1|7|11&0|0|1&0|0|1:0|0|8&0|1|11&0|0|1&0|0|1": [
        1.0382663764557687,
        8286
    ],
    "0|0|4&1|5|10:0|0|8&1|10|11": [
        1.0382663764557687,
        8286
    ],
    "0|0|4&1|7|11:0|0|8&5|10|11": [
        1.038123973040409,
        8216
    ],
    "0|0|4&1|7|11:0|0|8&2|10|11": [
        1.0381140562355728,
        8231
    ],
    "0|0|4&1|7|10:0|0|8&2|10|11": [
        1.0381140562355728,
        8231
    ],
    "0|0|4&1|7|11:0|0|8&3|5|11": [
        1.0379192406679607,
        7856
    ],
    "0|0|4&1|5|7:0|0|8&3|5|11": [
        1.0379192406679607,
        7856
    ],
    "0|0|4&1|7|11:0|0|8&2|3|11": [
        1.0379110372657243,
        7870
    ],
    "0|0|4&1|5|7:0|0|8&2|3|11": [
        1.0379110372657243,
        7870
    ],
    "0|0|4&1|7|11:0|0|8&7|10|11": [
        1.0378747333683689,
        8087
    ],
    "0|0|4&1|7|11:0|0|8&0|2|11": [
        1.0378044760151275,
        7850
    ],
    "0|0|4&1|7|10:0|0|8&0|2|11": [
        1.0378044760151275,
        7850
    ],
    "0|4|9&1|7|11&0|1|5:0|0|8&0|5|11&0|0|11": [
        1.0373060893193318,
        8499
    ],
    "0|4|9&0|1|5:0|0|8&0|0|11": [
        1.0373060893193318,
        8499
    ],
    "0|0|4&1|7|11&0|1|7&0|0|10:0|0|8&3|10|11&0|0|1&0|0|1": [
        1.0364186330370964,
        4522
    ],
    "0|0|4&0|0|10:0|0|8&3|10|11": [
        1.0364186330370964,
        4522
    ],
    "0|0|4&1|7|11&1|7|11&0|0|10:0|0|8&0|10|11&0|0|1&0|0|1": [
        1.0363430327018806,
        4520
    ],
    "0|0|4&0|7|10&0|0|10:0|0|8&7|10|11&0|10|11": [
        1.0363430327018806,
        4520
    ],
    "0|0|4&0|0|10:0|0|8&0|10|11": [
        1.0363430327018806,
        4520
    ],
    "0|0|4&0|0|10:0|0|8&1|3|11": [
        1.036319644382301,
        4537
    ],
    "0|0|4&0|0|10:0|0|8&5|10|11": [
        1.0361891277480115,
        4526
    ],
    "0|0|4&0|0|10:0|0|8&2|10|11": [
        1.0361446796978568,
        4526
    ],
    "0|0|4&0|0|10:0|0|8&2|3|10": [
        1.0359148857787248,
        4517
    ],
    "0|0|4&0|0|10:0|0|8&3|5|10": [
        1.0358462243909192,
        4515
    ],
    "0|0|4&0|2|10&0|0|10:0|0|8&2|7|10&0|0|11": [
        1.035681362554572,
        4123
    ],
    "0|0|4&7|10|11&0|0|10&0|7|10:0|0|8&0|0|11&0|3|11&0|0|1": [
        1.0356578074245066,
        4156
    ],
    "0|0|4&3|7|10&0|0|10&0|7|10:0|0|8&7|10|11&3|7|11&0|0|11": [
        1.0356578074245066,
        4156
    ],
    "0|0|4&0|7|10&0|10|11:0|0|8&7|10|11&0|0|11": [
        1.0356578074245066,
        4156
    ],
    "0|0|4&0|7|10&0|0|10:0|0|8&3|7|11&0|0|11": [
        1.0356578074245066,
        4156
    ],
    "0|0|4&0|0|10:0|0|8&0|0|11": [
        1.0356578074245066,
        4156
    ],
    "0|0|4&1|7|11&0|1|7&0|0|10:0|0|8&0|3|11&0|0|1&0|0|1": [
        1.0356297419621394,
        4160
    ],
    "0|0|4&0|7|10&0|0|10:0|0|8&2|3|11&0|3|11": [
        1.0356297419621394,
        4160
    ],
    "0|0|4&0|0|10:0|0|8&0|3|11": [
        1.0356297419621394,
        4160
    ],
    "0|0|4&0|7|10&0|0|10:0|0|8&2|3|11&0|10|11": [
        1.0355174427506573,
        4184
    ],
    "0|0|4&0|7|10&0|2|10:0|0|8&7|10|11&0|10|11": [
        1.0354032997250229,
        6546
    ],
    "0|0|4&0|2|10&0|0|10:0|0|8&0|2|7&0|0|11": [
        1.0353692656502151,
        3718
    ],
    "0|0|4&0|7|10&0|0|10:0|0|8&2|3|11&0|5|11": [
        1.0352477515426552,
        4173
    ],
    "0|0|4&0|7|10&0|5|10:0|0|8&7|10|11&0|10|11": [
        1.0351675456756047,
        6657
    ],
    "0|0|4&2|10|11&0|0|10&0|7|10:0|0|8&0|0|11&0|3|11&0|0|10": [
        1.035153759374241,
        4117
    ],
    "0|0|4&0|7|10&0|2|10:0|0|8&7|10|11&0|0|11": [
        1.0350376957892595,
        6145
    ],
    "0|0|4&0|2|10&0|0|10:0|0|8&2|5|7&0|0|11": [
        1.034992745985622,
        3721
    ],
    "0|0|4&0|2|10&0|0|10:0|0|8&2|10|11&0|0|3": [
        1.0349320473059762,
        3698
    ],
    "0|0|4&0|2|10&0|0|10:0|0|8&0|3|7&0|0|11": [
        1.0348560640988766,
        3694
    ],
    "0|0|4&0|7|10&0|0|10:0|0|8&2|3|7&0|3|11": [
        1.0348541887565121,
        3743
    ],
    "0|0|4&0|7|10&0|2|10:0|0|8&2|3|11&0|10|11": [
        1.0348464928874093,
        6195
    ],
    "0|0|4&0|5|10:0|0|8&0|10|11": [
        1.0348261867179311,
        7632
    ],
    "0|0|4&3|7|10&0|5|10&0|7|10:0|0|8&7|10|11&3|7|11&0|0|11": [
        1.0347965049407906,
        6249
    ],
    "0|0|4&0|7|10&5|10|11:0|0|8&7|10|11&0|0|11": [
        1.0347965049407906,
        6249
    ],
    "0|0|4&0|7|10&0|5|10:0|0|8&3|7|11&0|0|11": [
        1.0347965049407906,
        6249
    ],
    "0|0|4&3|7|10&3|5|10&0|7|10:0|0|8&7|10|11&3|7|11&0|0|11": [
        1.0345713557029257,
        6272
    ],
    "0|0|4&0|7|10&3|5|10:0|0|8&7|10|11&0|0|11": [
        1.0345713557029257,
        6272
    ],
    "0|0|4&0|2|10&0|0|10:0|0|8&2|7|11&0|0|3": [
        1.0345667107496286,
        3701
    ],
    "0|0|4&0|7|10&2|5|10:0|0|8&7|10|11&0|0|11": [
        1.0345259515463405,
        6285
    ],
    "0|0|4&2|7|10&0|0|10:0|0|8&2|7|10&0|0|3": [
        1.034516714191825,
        3685
    ],
    "0|0|4&0|7|10&0|5|10:0|0|8&0|7|10&0|0|11": [
        1.0343883263295888,
        6031
    ],
    "0|0|4&0|2|10&0|0|10:0|0|8&7|10|11&0|0|3": [
        1.0343462760205462,
        3699
    ],
    "0|4|9&1|7|11&0|0|10:0|0|8&0|5|11&0|0|11": [
        1.0342006671529642,
        4841
    ],
    "0|4|9&0|7|10&0|0|10:0|0|8&7|10|11&0|0|11": [
        1.0342006671529642,
        4841
    ],
    "0|0|4&3|7|10&0|1|5&0|7|10:0|0|8&7|10|11&3|7|11&0|0|11": [
        1.0340890309243764,
        6334
    ],
    "0|0|4&0|7|10&0|1|5:0|0|8&3|7|11&0|0|11": [
        1.0340890309243764,
        6334
    ],
    "0|0|4&0|7|10&0|1|2:0|0|8&7|10|11&0|0|11": [
        1.0340890309243764,
        6334
    ],
    "0|4|9&0|7|10&0|2|10:0|0|8&7|10|11&0|0|11": [
        1.0340071466684377,
        6823
    ],
    "0|0|4&3|10|11&0|5|10&0|7|10:0|0|8&7|10|11&3|7|11&0|0|11": [
        1.0339996307199129,
        5966
    ],
    "0|0|4&0|2|10&0|0|10:0|0|8&2|7|10&0|0|5": [
        1.0339213511312635,
        3732
    ],
    "0|0|4&3|7|10&0|3|10&0|7|10:0|0|8&7|10|11&3|7|11&0|0|11": [
        1.033780377236985,
        5993
    ],
    "0|4|9&1|7|11&0|5|10:0|0|8&0|5|11&0|0|11": [
        1.0335117304046495,
        8044
    ],
    "0|4|9:0|0|8": [
        1.0329950212082115,
        10948
    ],
    "0|0|4&0|0|2&0|0|5&0|7|10:0|0|8&7|10|11&3|7|11&0|10|11": [
        1.0308791270432325,
        3273
    ],