{
    "0|0|4&0|7|10&0|5|10&0|2|10:0|0|8&4|0|11&6|0|7&0|0|1": [
        1.0394273194624353,
        5790
    ],
    "0|0|4&0|7|10&0|5|10&0|2|10:0|0|8&4|0|11&6|3|7&0|0|1": [
        1.0389687566602728,
        5865
    ],
    "0|0|4&0|7|10&0|5|10&0|2|10:0|0|8&4|0|11&6|2|7&0|0|1": [
        1.0388992423519179,
        5892
    ],
    "0|0|4&0|7|10&2|10|11&0|5|10:0|8|9&6|0|11&8|0|7&9|3|11": [
        1.0386030066673453,
        6140
    ],
    "0|0|4&0|7|10&0|5|10:0|0|8&4|0|11&6|2|7": [
        1.0385327062802738,
        5987
    ],
    "0|0|4&0|7|10&0|5|10&0|0|1:0|0|8&4|0|11&6|2|7&0|0|1": [
        1.0385327062802738,
        5987
    ],
    "0|0|4&0|7|10&0|5|10&0|2|10:0|0|8&6|0|11&6|2|7&0|0|1": [
        1.0384495953078314,
        6359
    ],
    "0|0|4&0|5|10&2|10|11&0|7|10:0|0|8&6|0|11&8|0|7&6|2|7": [
        1.0384495953078314,
        6359
    ],
    "0|0|4&0|5|10&2|10|11&0|7|10:0|0|8&6|0|11&8|0|7&6|2|10": [
        1.0384309410660224,
        6441
    ],
    "0|0|4&0|5|10&2|10|11&0|7|10:0|0|8&6|0|11&8|0|7&6|2|5": [
        1.0383869317400614,
        6364
    ],
    "0|0|4&0|5|10&2|10|11&0|7|10:0|0|8&6|0|11&8|0|7&6|3|7": [
        1.0383593257408574,
        6344
    ],
    "0|0|4&0|7|10&2|10|11&0|5|10:0|0|8&6|0|11&8|0|7&9|2|11": [
        1.0383093161257464,
        6197
    ],
    "0|0|4&0|5|10&2|10|11&0|7|10:0|0|8&6|0|11&8|0|7&6|2|3": [
        1.0383066295903955,
        6372
    ],
    "0|0|4&0|7|10&2|10|11&0|5|10:0|0|8&6|0|11&8|0|7&9|1|3": [
        1.0382862483328823,
        6467
    ],
    "0|0|4&0|7|10&0|2|10:0|0|8&6|0|11&6|2|7": [
        1.0382588338337115,
        6391
    ],
    "0|0|4&0|7|10&0|2|10:0|0|8&6|0|11&6|2|10": [
        1.0382294431708494,
        6475
    ],
    "0|0|4&0|7|10&0|5|10:0|0|8&6|0|11&6|2|10": [
        1.0381731598174821,
        6561
    ],
    "0|0|4&0|7|10&0|5|10:0|0|8&6|0|11&6|2|7": [
        1.0381601297096974,
        6476
    ],
    "0|0|4&0|7|10&2|10|11&0|2|10:0|0|8&6|0|11&8|0|7&6|2|3": [
        1.0381169697405919,
        6404
    ],
    "0|0|4&0|7|10&0|5|10:0|0|8&6|0|11&0|0|1": [
        1.0379554874554857,
        6599
    ],
    "0|0|4&0|7|10&0|5|10&0|10|11:0|0|8&4|0|11&6|2|7&0|0|1": [
        1.0376619394309583,
        3965
    ],
    "0|0|4&0|7|10&0|0|10:0|0|8&4|0|11&6|2|7": [
        1.0376619394309583,
        3965
    ],
    "0|0|4&0|7|10&0|1|5:0|0|8&4|0|11&6|2|7": [
        1.037644347388522,
        6055
    ],
    "0|0|4&0|7|10&0|5|10:0|0|8&6|0|3&0|0|1": [
        1.037643559187788,
        6510
    ],
    "0|0|4&0|7|10&0|1|5:0|0|8&6|0|11&6|2|10": [
        1.0372390253815216,
        6651
    ],
    "0|0|4&0|0|10:0|0|8&6|0|10": [
        1.037195231389441,
        4527
    ],
    "0|0|4&0|0|10&0|0|1:0|0|8&6|0|10&0|0|1": [
        1.037195231389441,
        4527
    ],
    "0|0|4&0|7|10&0|0|10:0|0|8&6|0|11&6|2|7": [
        1.0371599179759705,
        4328
    ],
    "0|0|4&0|7|10:0|0|8&6|0|11": [
        1.0370428110986547,
        6690
    ],
    "0|0|4&0|7|10&0|1|5:0|0|8&6|0|11&0|0|1": [
        1.0370428110986547,
        6690
    ],
    "0|0|4&0|0|10:0|0|8&6|10|11": [
        1.036983304582692,
        4547
    ],
    "0|0|4&0|7|10:0|0|8&6|0|10": [
        1.0369816450803584,
        6751
    ],
    "0|0|4&0|0|10:0|0|8&6|2|10": [
        1.036980545444518,
        4533
    ],
    "0|0|4&0|7|10&0|5|10&0|0|10:0|0|8&4|0|11&6|7|10&0|0|1": [
        1.0369483511154218,
        4124
    ],
    "0|0|4&0|7|10:0|0|8&4|0|11": [
        1.036925281656617,
        6302
    ],
    "0|0|4&0|0|10:0|0|8&6|5|10": [
        1.036904316281188,
        4529
    ],
    "0|0|4&0|7|10&0|0|10:0|0|8&6|0|11&0|0|1": [
        1.0368983307091617,
        4426
    ],
    "0|0|4&0|0|10:0|0|8&6|0|11": [
        1.0368983307091617,
        4426
    ],
    "0|0|4&0|7|10:0|0|8&6|10|11": [
        1.0368972557437126,
        6839
    ],
    "0|0|4&0|2|10&0|0|10:0|0|8&6|0|2&8|2|7": [
        1.0368670903161714,
        4341
    ],
    "0|0|4&0|0|10:0|0|8&6|0|2": [
        1.0368670903161714,
        4341
    ],
    "0|0|4&2|7|10&0|0|10:0|0|8&6|5|11&6|2|7": [
        1.036835216623414,
        4335
    ],
    "0|0|4&0|0|10:0|0|8&6|3|10": [
        1.0368238090155355,
        4538
    ],
    "0|0|4&0|7|10&0|0|10:0|0|8&6|0|3&0|0|1": [
        1.0367686506502891,
        4325
    ],
    "0|0|4&0|0|10:0|0|8&6|0|3": [
        1.0367686506502891,
        4325
    ],
    "0|0|4&0|2|10&0|0|10:0|0|8&6|3|11&8|2|7": [
        1.0367446520527652,
        4430
    ],
    "0|0|4&0|0|10:0|0|8&6|3|11": [
        1.0367446520527652,
        4430
    ],
    "0|0|4&0|7|10:0|0|8&6|0|3": [
        1.0367207037170354,
        6598
    ],
    "0|0|4&0|0|10:0|0|8&4|3|11": [
        1.0367144795921432,
        4162
    ],
    "0|0|4&0|0|10:0|0|8&0|0|1": [
        1.0367025096670688,
        4558
    ],
    "0|0|4&0|5|10&0|2|10:0|0|8&6|0|11&8|2|7": [
        1.0366982732682535,
        7478
    ],
    "0|0|4&0|7|10:0|0|8&6|3|10": [
        1.0365905182637571,
        6851
    ],
    "0|0|4&5|7|10&0|2|10:0|0|8&6|0|11&8|2|7": [
        1.0365871184350839,
        7502
    ],
    "0|0|4&0|2|10&0|0|10:0|0|8&6|5|11&8|2|7": [
        1.0365736418404734,
        4435
    ],
    "0|0|4&0|0|10:0|0|8&4|0|11": [
        1.0364423626142376,
        4158
    ],
    "0|0|4&0|2|10:0|0|8&4|0|11": [
        1.0363771593829203,
        7102
    ],
    "0|0|4&0|2|10:0|0|8&6|0|11": [
        1.0363640358020518,
        7579
    ],
    "0|0|4&0|5|10:0|0|8&6|0|11": [
        1.0363267357372423,
        7662
    ],
    "0|0|4&0|5|10&0|1|2:0|0|8&6|0|11&8|2|7": [
        1.0363267357372423,
        7662
    ],
    "0|0|4&0|2|10:0|0|8&6|10|11": [
        1.0363062550566342,
        7725
    ],
    "0|0|4&0|5|10:0|0|8&4|0|11": [
        1.0363019192356566,
        7181
    ],
    "0|0|4&0|2|10&0|0|1:0|0|8&6|0|10&0|0|1": [
        1.036301845454394,
        7499
    ],
    "0|0|4&0|5|10&0|0|1:0|0|8&6|0|10&0|0|1": [
        1.0362876506644902,
        7581
    ],
    "0|0|4&0|5|10:0|0|8&6|10|11": [
        1.0362048427304567,
        7816
    ],
    "0|0|4&0|2|10&0|5|10:0|0|8&6|3|11&8|2|7": [
        1.0361505705214784,
        7589
    ],
    "0|0|4&0|5|10:0|0|8&4|3|11": [
        1.0359689782634307,
        7427
    ],
    "0|0|4&0|2|10&0|5|10:0|0|8&6|0|2&8|2|7": [
        1.0358948304940587,
        7532
    ],
    "0|0|4&5|7|10:0|0|8&6|0|11": [
        1.0356642291747478,
        7734
    ],
    "0|0|4&3|5|10:0|0|8&6|10|11": [
        1.0355699515589498,
        7922
    ],
    "0|0|4&1|5|7:0|0|8&6|0|11": [
        1.035488097570533,
        7975
    ],
    "0|0|4&1|3|5:0|0|8&6|10|11": [
        1.035380040570445,
        8134
    ],
    "0|0|4&1|7|11:0|0|8&4|0|11": [
        1.0353679999497454,
        7462
    ],
    "0|0|4&1|5|7:0|0|8&6|0|10": [
        1.0353172313882182,
        7868
    ],
    "0|0|4&0|1|10&0|0|1:0|0|8&6|0|10&0|0|1": [
        1.0353172313882182,
        7868
    ],
    "0|0|4&5|7|10:0|0|8&6|3|11": [
        1.0351180631846262,
        7851
    ],
    "0|0|4&0|1|5:0|0|8&4|3|11": [
        1.0350115998421308,
        7720
    ],
    "0|0|4&1|5|7:0|0|8&6|0|3": [
        1.034973044157179,
        7905
    ],
    "0|0|4:0|0|8": [
        1.034666383992968,
        8319
    ],
    "0|0|4&0|7|10&0|0|2&0|0|5:0|0|8&6|10|11&8|3|7&4|3|11": [
        1.034605812997246,
        3268
    ],
    "0|0|4&0|7|10&0|0|2&0|0|5:0|0|8&6|10|11&6|3|7&4|3|11": [
        1.03458648822708,
        3245
    ],
    "0|0|4&0|7|10&0|0|2&0|0|5:0|0|8&6|10|11&8|3|7&9|3|11": [
        1.0345821351459799,
        3271
    ],
    "0|0|9&0|7|10&0|2|10&0|0|5:0|0|8&6|10|11&6|3|7&4|3|11": [
        1.0345367910462697,
        3123
    ],
    "0|0|9&2|10|11&0|7|10&0|0|5:0|0|8&6|10|11&8|2|3&4|3|11": [
        1.0345125146748646,
        3141
    ],
    "0|0|9&0|7|10&0|2|10&0|0|5:0|0|8&8|10|11&6|10|11&4|3|11": [
        1.0345125146748646,
        3141
    ],
    "0|0|9&2|10|11&0|7|10&0|0|5:0|0|8&6|0|11&6|2|10&0|3|11": [
        1.0345019935688118,
        3139
    ],