{
    "0|0|4&1|7|11:0|0|8&0|0|11": [
        1.0913465115133785,
        7456
    ],
    "0|0|4&1|7|11&1|7|11&0|0|1:0|0|8&0|0|11&0|0|1&0|0|1": [
        1.0913465115133785,
        7456
    ],
    "0|0|4&1|7|11&0|1|7:0|0|8&0|0|11&0|0|1": [
        1.0913465115133785,
        7456
    ],
    "0|0|4&1|5|7:0|0|8&0|0|11": [
        1.0913465115133785,
        7456
    ],
    "0|0|4&1|3|5:0|0|8&0|0|11": [
        1.0913465115133785,
        7456
    ],
    "0|0|4&1|7|11:0|0|8&0|3|11": [
        1.089244313744631,
        7683
    ],
    "0|0|4&1|7|11&0|0|1:0|0|8&0|3|11&0|0|1": [
        1.089244313744631,
        7683
    ],
    "0|0|4&1|5|7:0|0|8&0|3|11": [
        1.089244313744631,
        7683
    ],
    "0|0|4&1|2|7:0|0|8&0|3|11": [
        1.089244313744631,
        7683
    ],
    "0|0|4&1|2|5:0|0|8&0|3|11": [
        1.089244313744631,
        7683
    ],
    "0|0|4&0|1|5:0|0|8&0|3|11": [
        1.089244313744631,
        7683
    ],
    "0|0|4&1|7|11&0|1|7&0|0|1:0|0|8&0|0|11&0|0|3&0|0|1": [
        1.0878996453380527,
        6604
    ],
    "0|0|4&1|7|11:0|0|8&0|5|11": [
        1.0874183805910542,
        7825
    ],
    "0|0|4&0|1|5:0|0|8&0|5|11": [
        1.0874183805910542,
        7825
    ],
    "0|0|4&1|7|11:0|0|8&0|2|11": [
        1.0873810274125606,
        7834
    ],
    "0|0|4&1|2|5:0|0|8&0|2|11": [
        1.0873810274125606,
        7834
    ],
    "0|0|4&0|1|5:0|0|8&0|2|11": [
        1.0873810274125606,
        7834
    ],
    "0|0|4&1|7|11:0|0|8&3|5|11": [
        1.0873722229081697,
        7846
    ],
    "0|0|4&0|1|5:0|0|8&3|5|11": [
        1.0873722229081697,
        7846
    ],
    "0|0|4&0|1|2:0|0|8&3|5|11": [
        1.0873722229081697,
        7846
    ],
    "0|0|4&1|7|11:0|0|8&0|10|11": [
        1.0872341082747583,
        7967
    ],
    "0|0|4&1|7|11&0|0|1:0|0|8&0|10|11&0|0|1": [
        1.0872341082747583,
        7967
    ],
    "0|0|4&1|5|7:0|0|8&0|10|11": [
        1.0872341082747583,
        7967
    ],
    "0|0|4&1|2|5:0|0|8&0|10|11": [
        1.0872341082747583,
        7967
    ],
    "0|0|4&0|1|5:0|0|8&0|10|11": [
        1.0872341082747583,
        7967
    ],
    "0|0|4&0|1|2:0|0|8&0|10|11": [
        1.0872341082747583,
        7967
    ],
    "0|0|4&1|7|11:0|0|8&2|3|11": [
        1.0872093312380648,
        7855
    ],
    "0|0|4&0|1|5:0|0|8&2|3|11": [
        1.0872093312380648,
        7855
    ],
    "0|0|4&0|1|2:0|0|8&2|3|11": [
        1.0872093312380648,
        7855
    ],
    "0|0|4&1|7|11&0|1|7&0|0|1:0|0|8&0|0|11&0|0|2&0|0|1": [
        1.0865809217515283,
        6707
    ],
    "0|0|4&1|7|11:0|0|8&3|10|11": [
        1.0856748688517068,
        8173
    ],
    "0|0|4&1|3|5:0|0|8&3|10|11": [
        1.0856748688517068,
        8173
    ],
    "0|0|4&0|1|5:0|0|8&3|10|11": [
        1.0856748688517068,
        8173
    ],
    "0|0|4&1|7|11:0|0|8&5|10|11": [
        1.0848912676686484,
        8242
    ],
    "0|0|4&1|7|11:0|0|8&2|10|11": [
        1.0847257537232111,
        8259
    ],
    "0|0|4&1|3|5:0|0|8&2|10|11": [
        1.0847257537232111,
        8259
    ],
    "0|0|4&0|1|5:0|0|8&2|10|11": [
        1.0847257537232111,
        8259
    ],
    "0|0|4:0|0|8": [
        1.0846677217571963,
        8303
    ],
    "0|0|4&1|7|11:0|0|8&1|7|11": [
        1.0846677217571963,
        8303
    ],
    "0|0|4&1|7|11:0|0|8&1|5|7": [
        1.0846677217571963,
        8303
    ],
    "0|0|4&1|7|11:0|0|8&1|5|11": [
        1.0846677217571963,
        8303
    ],
    "0|0|4&1|7|11&0|0|1:0|0|8&0|1|11&0|0|1": [
        1.0846677217571963,
        8303
    ],
    "0|0|4&1|3|5:0|0|8&1|3|11": [
        1.0846677217571963,
        8303
    ],
    "0|0|4&0|1|5:0|0|8&1|3|11": [
        1.0846677217571963,
        8303
    ],
    "0|0|4&1|7|11:0|0|8&0|0|3": [
        1.0845551538336464,
        6919
    ],
    "0|0|4&1|2|7:0|0|8&0|0|3": [
        1.0845551538336464,
        6919
    ],
    "0|4|9&1|5|7:0|0|8&0|0|11": [
        1.08348679590479,
        8455
    ],
    "0|4|9&1|5|10:0|0|8&0|3|11": [
        1.0789527529761904,
        9030
    ],
    "0|4|9:0|0|8": [
        1.0685386835434365,
        10947
    ],
    "0|0|4:0|0|6": [
        1.0512115169751504,
        14628
    ],
    "0|0|4:0|6|8": [
        1.050309839150495,
        15253
    ],
    "0|4|9:0|0|6": [
        1.0492149297066016,
        15951
    ],
    "1|4|9:0|0|6": [
        1.042322563754232,
        20381
    ],
    "0|1|9:0|0|6": [
        1.042322563754232,
        20381
    ],
    "0|0|1:0|0|6": [
        1.042322563754232,
        20381
    ],
    "0|4|8:0|0|6": [
        1.0416564371992536,
        20366
    ],
    "4|8|9:0|0|6": [
        1.041638298002846,
        20379
    ],
    "0|0|4&0|0|5&0|7|10&0|0|2:0|0|8&0|3|10&0|0|11&0|0|1": [
        1.0349496286576374,
        3221
    ],
    "0|0|9&5|10|11&0|0|7&0|3|11:0|0|8&5|10|11&1|7|11&0|0|11": [
        1.0349143470363,
        2073
    ],
    "0|0|9&0|5|11&0|7|10&0|0|3:0|0|8&0|0|11&0|1|7&0|0|1": [
        1.0349143470363,
        2073
    ],
    "0|0|9&0|5|11&0|0|7&0|3|11:0|0|8&5|10|11&1|7|11&0|0|11": [
        1.0349143470363,
        2073
    ],
    "0|0|9&0|3|11&0|0|7&0|0|5:0|0|8&3|10|11&1|7|11&0|0|11": [
        1.0349143470363,
        2073
    ],
    "0|0|9&0|0|3&0|7|10&0|0|5:0|0|8&3|10|11&2|7|11&0|0|11": [
        1.0349143470363,
        2073
    ],
    "0|0|4&0|0|2&0|7|10&0|0|5:0|0|8&3|7|11&3|7|11&0|0|11": [
        1.0349105323362042,
        3251
    ],
    "0|0|4&0|0|2&0|7|10&0|0|5:0|0|8&3|10|11&2|7|11&0|0|11": [
        1.0349105323362042,
        3251
    ],
    "0|0|9&0|5|11&0|0|7&0|3|11:0|0|8&0|10|11&0|7|11&0|0|1": [
        1.0348601720785093,
        2073
    ],
    "0|0|9&0|3|11&0|0|7&0|0|5:0|0|8&3|7|11&1|7|11&0|10|11": [
        1.0348601720785093,
        2073
    ],
    "0|0|9&5|10|11&0|0|7&0|3|11:0|0|8&0|10|11&3|5|11&0|0|1": [
        1.0348320632684427,
        2074
    ],
    "0|0|9&0|0|3&0|7|10&0|0|5:0|0|8&3|5|11&1|7|11&0|10|11": [
        1.0348320632684427,
        2074
    ],
    "0|0|9&5|10|11&0|0|7&0|3|11:0|0|8&0|10|11&5|7|11&0|0|1": [
        1.034821233501085,
        2074
    ],
    "0|0|9&0|5|11&0|0|7&0|3|11:0|0|8&0|10|11&0|2|11&0|0|1": [
        1.0347255035768073,
        2075
    ],
    "0|0|9&0|5|11&0|0|7&0|3|11:0|0|8&0|10|11&2|7|11&0|1|5": [
        1.034722326807229,
        2075
    ],
    "0|0|9&5|10|11&0|0|7&0|3|11:0|0|8&0|10|11&1|7|11&0|1|5": [
        1.0346964420180722,
        2075
    ],
    "0|0|9&0|5|11&0|0|7&0|0|3:0|0|8&0|10|11&0|0|1&0|0|1": [
        1.0346964420180722,
        2075
    ],
    "0|0|9&0|0|3&0|7|10&0|0|5:0|0|8&7|10|11&1|7|11&0|10|11": [
        1.0346964420180722,
        2075
    ],
    "0|0|4&0|0|5&0|7|10&0|0|2:0|0|8&0|10|11&0|0|1&0|0|1": [
        1.0346411073120416,
        3272
    ],
    "0|0|9&0|3|11&0|0|7&0|5|11:0|0|8&3|5|10&1|7|11&0|0|11": [
        1.0345870603109903,
        2070
    ],
    "0|0|9&0|0|3&0|7|10&0|0|5:0|0|6&3|5|11&3|7|11&0|10|11": [
        1.0344405783746475,
        2128
    ],
    "0|0|9&0|0|3&0|7|10&0|0|5:0|0|6&3|5|11&1|7|11&0|10|11": [
        1.0344371365425282,
        2128
    ],
    "0|0|9&0|5|11&0|0|7&0|3|11:0|0|6&0|10|11&0|1|11&0|0|1": [
        1.0343986117224178,
        2130
    ],
    "0|0|9&0|0|3&0|7|10&0|0|5:0|0|6&3|10|11&1|7|11&0|10|11": [
        1.0343986117224178,
        2130
    ],
    "0|0|4&0|5|11&0|0|7&0|0|2:0|0|8&0|10|11&0|0|11&0|0|1": [
        1.0343825659950017,
        3201
    ],
    "0|0|9&2|10|11&0|0|7&0|3|11:0|0|8&7|10|11&1|7|11&0|0|11": [
        1.0343676409750509,
        1964
    ],
    "0|0|9&0|3|11&0|0|7&0|0|2:0|0|8&0|10|11&0|0|11&0|0|1": [
        1.0343676409750509,
        1964
    ],
    "0|0|9&0|0|3&0|7|10&0|0|5:0|0|6&2|5|11&1|7|11&0|10|11": [
        1.0343254841549296,
        2130
    ],
    "0|0|4&0|0|2&0|7|10&0|0|5:0|0|8&3|7|11&3|7|11&0|3|11": [
        1.0342840664628623,
        3312
    ],
    "0|0|4&0|0|2&0|7|10&0|0|5:0|0|8&3|7|11&1|7|11&0|3|11": [
        1.0342840664628623,
        3312
    ],