{
    "0|0|4&0|7|10&0|0|5&0|0|2:0|0|8&7|10|11&3|7|10&0|0|11": [
        1.0347378765208006,
        3185
    ],
    "0|0|4&0|7|10&0|0|5&0|0|2:0|0|8&7|10|11&7|10|11&0|0|11": [
        1.0347124755326815,
        3209
    ],
    "0|0|4&0|7|10&0|0|2&0|0|5:0|0|8&7|10|11&7|10|11&0|0|11": [
        1.0347124755326815,
        3209
    ],
    "0|0|4&0|7|10&0|0|5&0|0|2:0|0|8&3|7|10&2|7|10&0|0|11": [
        1.0346842345615965,
        3182
    ],
    "0|0|4&0|7|10&0|0|5&0|0|2:0|0|8&3|7|10&2|5|10&0|0|11": [
        1.0346842345615965,
        3182
    ],
    "0|0|4&0|7|10&0|0|5&0|0|2:0|0|8&3|7|10&3|5|10&0|10|11": [
        1.03466082613601,
        3213
    ],
    "0|0|4&0|7|10&0|0|5&0|0|2:0|0|8&3|7|10&2|10|11&0|10|11": [
        1.03466082613601,
        3213
    ],
    "0|0|4&0|7|10&0|0|5&0|0|2:0|0|8&7|10|11&5|10|11&0|10|11": [
        1.0346282477575008,
        3233
    ],
    "0|0|4&0|7|10&0|0|5&0|0|2:0|0|8&3|10|11&2|10|11&0|10|11": [
        1.0346282477575008,
        3233
    ],
    "0|0|4&0|7|10&0|0|5&0|0|2:0|0|8&2|3|10&7|10|11&0|0|11": [
        1.0345697643826006,
        3207
    ],
    "0|0|4&0|7|10&0|0|5&0|0|2:0|0|8&2|3|10&5|10|11&0|0|11": [
        1.0345697643826006,
        3207
    ],
    "0|0|4&0|7|10&0|0|5&0|0|2:0|0|8&2|7|10&5|10|11&0|0|11": [
        1.0345161809456929,
        3204
    ],
    "0|0|4&0|7|10&0|0|5&0|0|2:0|0|8&0|10|11&2|10|11&0|5|11": [
        1.0345142365684072,
        3227
    ],
    "0|0|4&0|7|10&0|0|5&0|0|2:0|0|8&5|10|11&2|5|10&0|0|11": [
        1.0345037356181748,
        3205
    ],
    "0|0|4&0|7|10&0|0|5&0|0|2:0|0|8&3|10|11&2|3|10&0|10|11": [
        1.0344876024015397,
        3231
    ],
    "0|0|4&0|7|10&0|0|5&0|0|2:0|0|8&3|10|11&2|10|11&0|3|11": [
        1.0344774272423665,
        3275
    ],
    "0|0|4&0|7|10&0|0|5&0|0|2:0|0|8&7|10|11&3|5|10&0|0|11": [
        1.0344378749902283,
        3198
    ],
    "0|0|4&0|7|10&0|0|5&0|0|2:0|0|8&3|10|11&2|10|11&3|10|11": [
        1.0344263450386597,
        3298
    ],
    "0|0|4&0|7|10&0|0|5&0|0|2:0|0|8&3|7|10&3|5|10&0|3|11": [
        1.034398889834164,
        3260
    ],
    "0|4|9&0|7|10&0|0|5&0|0|2:0|0|8&7|10|11&3|7|10&0|0|11": [
        1.0342647034214352,
        3268
    ],
    "0|4|9&0|7|10&0|0|5&0|0|2:0|0|8&7|10|11&7|10|11&0|0|11": [
        1.0342258662662929,
        3299
    ],
    "0|4|9&0|7|10&0|0|5&0|0|2:0|0|8&2|7|10&3|7|10&0|0|11": [
        1.034211840782925,
        3265
    ],
    "0|4|9&0|7|10&0|0|5&0|0|2:0|0|8&7|10|11&2|3|10&0|0|11": [
        1.0340788323191539,
        3297
    ],
    "0|0|9&0|7|10&0|0|5&2|10|11:0|0|8&7|10|11&7|10|11&0|0|11": [
        1.033877064823325,
        3060
    ],
    "0|0|9&0|7|10&0|0|5&0|2|10:0|0|8&7|10|11&7|10|11&0|0|11": [
        1.033877064823325,
        3060
    ],
    "0|0|9&0|7|10&0|0|5:0|0|8&0|3|11&2|10|11": [
        1.0338708297835701,
        3448
    ],
    "0|0|9&0|7|10&0|0|5:0|0|8&0|3|11&0|2|11": [
        1.0338708297835701,
        3448
    ],
    "0|0|9&0|7|10&0|0|5&2|3|10:0|0|8&7|10|11&7|10|11&0|0|11": [
        1.0338400570081419,
        3178
    ],
    "0|0|9&0|7|10&0|0|5:0|0|8&3|7|11&0|3|11": [
        1.0338311171897625,
        3453
    ],
    "0|0|9&0|0|5&0|7|10:0|0|8&3|10|11&0|3|11": [
        1.0338311171897625,
        3453
    ],
    "0|0|4&0|7|10&0|0|5&2|10|11:0|0|8&7|10|11&7|10|11&0|0|11": [
        1.0338149119496103,
        3912
    ],
    "0|0|9&0|7|10&0|0|5:0|0|8&2|7|11&0|3|11": [
        1.0337900246305418,
        3451
    ],
    "0|0|9&0|0|5&0|7|10:0|0|8&0|3|11&2|7|11": [
        1.0337900246305418,
        3451
    ],
    "0|0|9&0|7|10&0|0|5:0|0|8&2|5|11&0|3|11": [
        1.0337751196875904,
        3453
    ],
    "0|0|9&0|0|5&0|7|10:0|0|8&0|3|11&2|5|11": [
        1.0337751196875904,
        3453
    ],
    "0|0|9&0|0|5&0|7|10:0|0|8&3|10|11&3|10|11": [
        1.033740655307112,
        3480
    ],
    "0|0|9&0|7|10&0|0|5&2|3|10:0|0|8&7|10|11&3|7|11&0|10|11": [
        1.033693013949318,
        3189
    ],
    "0|0|4&0|7|10&0|2|3&0|0|5:0|0|8&7|10|11&7|10|11&0|0|11": [
        1.0336778269997804,
        3416
    ],
    "0|0|4&0|7|10&0|0|5&0|2|3:0|0|8&7|10|11&7|10|11&0|0|11": [
        1.0336778269997804,
        3416
    ],
    "0|0|9&0|7|10&0|0|5&2|10|11:0|0|8&7|10|11&3|7|10&0|0|11": [
        1.0336727371441172,
        3047
    ],
    "0|0|9&0|7|10&0|0|5:0|0|8&0|3|11&5|10|11": [
        1.0336635327622428,
        3451
    ],
    "0|0|9&0|7|10&0|0|5:0|0|8&3|7|11&3|10|11": [
        1.0336594270683064,
        3466
    ],
    "0|0|9&0|0|5&0|7|10:0|0|8&3|10|11&3|7|11": [
        1.0336594270683064,
        3466
    ],
    "0|0|9&0|7|10&0|0|5&2|3|10:0|0|8&7|10|11&7|10|11&0|10|11": [
        1.0336577474364472,
        3206
    ],
    "0|0|9&0|7|10&0|0|5:0|0|8&5|7|11&0|3|11": [
        1.0336564683969438,
        3452
    ],
    "0|0|9&0|7|10&0|0|5:0|0|8&0|3|11&5|7|11": [
        1.0336564683969438,
        3452
    ],
    "0|0|9&0|7|10&0|0|5:0|0|8&2|3|11&3|10|11": [
        1.033629719723464,
        3467
    ],
    "0|0|9&0|0|5&0|7|10:0|0|8&3|10|11&2|3|11": [
        1.033629719723464,
        3467
    ],
    "0|0|9&0|7|10&5|10|11&0|3|5:0|0|8&7|10|11&7|10|11&0|0|11": [
        1.0336181856614937,
        3391
    ],
    "0|0|9&0|7|10&0|5|7&0|5|11:0|0|8&7|10|11&7|10|11&0|0|11": [
        1.0336181856614937,
        3391
    ],
    "0|0|9&0|7|10&0|0|5:0|0|8&7|10|11&0|0|11": [
        1.0336181856614937,
        3391
    ],
    "0|0|9&0|7|10&0|0|5:0|0|8&3|7|11&0|0|11": [
        1.0336181856614937,
        3391
    ],
    "0|0|9&0|0|5&0|7|10:0|0|8&0|0|11&1|7|11": [
        1.0336181856614937,
        3391
    ],
    "0|0|9&0|7|10&0|0|5:0|0|8&3|10|11&5|10|11": [
        1.0335743198318,
        3478
    ],
    "0|0|9&0|7|10&0|2|10&0|3|5:0|0|8&7|10|11&7|10|11&0|0|11": [
        1.033524088120144,
        3089
    ],
    "0|0|9&0|7|10&0|0|5:0|0|8&3|10|11&3|5|11": [
        1.033466726618705,
        3475
    ],
    "0|0|9&0|7|10&0|0|5:0|0|8&7|10|11&0|10|11": [
        1.0334343522839349,
        3422
    ],
    "0|0|9&0|0|5&0|7|10:0|0|8&0|10|11&0|1|7": [
        1.0334343522839349,
        3422
    ],
    "0|0|9&0|7|10&0|0|5:0|0|8&3|7|10&0|3|11": [
        1.0334245169629899,
        3445
    ],
    "0|0|9&0|0|5&0|7|10:0|0|8&3|7|10&0|3|11": [
        1.0334245169629899,
        3445
    ],
    "0|4|9&0|7|10&0|0|5&0|2|10:0|0|8&7|10|11&7|10|11&0|0|11": [
        1.033408538196171,
        4022
    ],
    "0|0|4&0|7|10&0|5|11&0|0|2:0|0|8&3|7|10&2|5|10&0|0|11": [
        1.0333803069093597,
        3256
    ],
    "0|0|9&0|7|10&0|0|5:0|0|8&0|3|11&2|5|10": [
        1.0333526248550304,
        3449
    ],
    "0|0|9&0|7|10&0|0|5:0|0|8&3|5|10&0|3|11": [
        1.0333327340125762,
        3449
    ],
    "0|0|4&0|7|10&2|10|11&0|3|5:0|0|8&7|10|11&7|10|11&0|0|11": [
        1.033322227037424,
        3948
    ],
    "0|0|9&0|0|5&0|7|10:0|0|8&2|3|10&0|3|11": [
        1.0333136992674226,
        3451
    ],
    "0|0|9&0|7|10&0|2|7&0|0|5:0|0|8&7|10|11&7|10|11&0|0|11": [
        1.0333046517721036,
        3280
    ],
    "0|0|9&0|7|10&0|3|5:0|0|8&3|7|11&0|3|11": [
        1.0332938157542797,
        3505
    ],
    "0|0|9&0|7|10&0|0|5:0|0|8&2|5|10&0|0|11": [
        1.0332574906323833,
        3386
    ],
    "0|0|4&0|7|10&0|0|2&0|0|5:0|0|6&7|10|11&7|10|11&0|0|11": [
        1.0332530512087705,
        3335
    ],
    "0|0|9&0|7|10&0|5|10&0|3|5:0|0|8&7|10|11&3|7|10&0|0|11": [
        1.0332298821182613,
        3376
    ],
    "0|0|9&0|7|10&0|0|5:0|0|8&3|7|10&0|0|11": [
        1.0332298821182613,
        3376
    ],
    "0|0|9&0|7|10&0|3|5:0|0|8&0|3|11&2|5|11": [
        1.0332275042350214,
        3505
    ],
    "0|4|9&0|7|10&0|0|5&0|2|3:0|0|8&7|10|11&7|10|11&0|0|11": [
        1.0332045157184562,
        3511
    ],
    "0|0|9&0|7|10&0|0|5:0|0|8&3|5|10&0|3|10": [
        1.0331960291142086,
        3475
    ],
    "0|0|9&0|7|10&0|0|5:0|0|8&3|5|10&0|0|11": [
        1.0331529265140325,
        3385
    ],