{
    "0|0|9&0|7|10&0|0|5&0|0|3:0|6|8&6|10|11&9|0|11&6|0|7": [
        1.0342327257571653,
        2076
    ],
    "0|0|9&0|7|10&0|0|5&0|0|3:0|6|8&6|10|11&9|10|11&6|0|7": [
        1.0341986931613407,
        2081
    ],
    "0|0|9&0|7|10&0|0|5&0|0|3:0|4|8&6|10|11&9|0|11&6|0|7": [
        1.0341714593614588,
        2077
    ],
    "0|0|9&0|7|10&0|0|5&0|0|3:0|4|8&6|10|11&9|10|11&6|0|7": [
        1.0340525748979348,
        2082
    ],
    "0|0|9&0|7|10&0|2|10&0|0|3:0|6|8&6|3|7&9|10|11&6|0|11": [
        1.033629690864045,
        1974
    ],
    "0|0|9&0|7|10&0|0|3&0|0|2:0|0|8&6|2|7&4|3|11&0|0|1": [
        1.033338579671637,
        1970
    ],
    "0|0|9&0|7|10&0|0|3&0|2|10:0|0|8&8|7|11&9|1|7&6|3|11": [
        1.0332948480506405,
        1971
    ],
    "0|0|9&0|7|10&0|0|3&0|0|2:0|0|8&8|7|11&9|1|7&4|3|11": [
        1.0332838858764586,
        1971
    ],
    "0|0|9&0|7|10&0|0|2&0|0|3:0|0|8&8|0|10&4|3|11&0|0|1": [
        1.0332838858764586,
        1971
    ],
    "0|0|9&0|7|10&0|0|3&0|0|2:0|0|8&6|2|10&4|3|11&0|0|1": [
        1.033230499468861,
        1971
    ],
    "0|0|9&0|7|10&0|0|2&0|0|3:0|0|8&6|5|11&8|3|5&6|3|11": [
        1.0332300659365488,
        1971
    ],
    "0|0|9&0|7|10&0|0|5&0|0|3:0|0|8&8|7|11&9|1|7&4|3|11": [
        1.0331715248232263,
        2086
    ],
    "0|0|9&0|7|10&0|0|3&0|0|5:0|0|8&8|0|10&4|3|11&0|0|1": [
        1.0331715248232263,
        2086
    ],
    "0|0|9&0|7|10&0|5|11&0|0|3:0|0|8&8|7|11&9|1|5&6|0|3": [
        1.0331671599463172,
        2084
    ],
    "0|0|9&0|7|10&0|0|3&0|0|5:0|0|8&6|2|11&6|3|11&0|0|1": [
        1.0331622788455777,
        2086
    ],
    "0|0|9&0|7|10&0|0|5&0|0|3:0|0|8&8|10|11&9|3|11&6|0|3": [
        1.0331415917171747,
        2083
    ],
    "0|0|9&0|7|10&0|0|3&0|0|5:0|0|8&8|10|11&6|0|3&9|3|11": [
        1.0331415917171747,
        2083
    ],
    "0|0|9&0|0|7&0|0|3&0|0|5:0|0|8&6|3|7&9|3|11&6|3|11": [
        1.0331415917171747,
        2083
    ],
    "0|0|9&0|7|10&0|0|3&0|5|11:0|0|8&6|2|10&6|3|11&0|0|1": [
        1.0331256460480585,
        2086
    ],
    "0|0|9&0|7|10&0|0|3&0|0|5:0|0|8&6|2|5&6|3|11&0|0|1": [
        1.0331221349173059,
        2086
    ],
    "0|0|9&0|7|10&0|0|3&0|5|11:0|0|8&6|2|7&6|3|11&0|0|1": [
        1.033102004434324,
        2086
    ],
    "0|0|9&0|7|10&0|0|5&0|0|3:0|0|8&6|2|7&4|3|11&0|0|1": [
        1.0330977405575539,
        2085
    ],
    "0|0|9&0|7|10&0|0|5&0|0|3:0|0|8&6|2|10&9|3|11&6|0|3": [
        1.0330954124534926,
        2083
    ],
    "0|0|9&0|7|10&0|0|3&0|0|2:0|0|8&8|7|11&9|1|7&6|3|10": [
        1.0330873750793148,
        1970
    ],
    "0|0|9&0|7|10&0|0|2&0|0|3:0|0|8&8|10|11&6|3|7&9|3|11": [
        1.0330849604415313,
        1969
    ],
    "0|0|9&0|7|10&0|0|3&0|0|5:0|0|8&6|2|11&9|3|11&0|0|1": [
        1.0330837465544103,
        2086
    ],
    "0|0|9&0|7|10&2|10|11&0|0|3:0|0|8&8|7|10&9|1|5&6|2|11": [
        1.0330754835271931,
        1972
    ],
    "0|0|9&0|7|10&0|0|3&0|0|2:0|0|8&8|7|11&9|1|7&4|5|11": [
        1.0330389401200215,
        1971
    ],
    "0|0|9&0|7|10&0|0|3&0|0|5:0|0|8&8|10|11&6|3|7&9|3|11": [
        1.0330341135831733,
        2083
    ],
    "0|0|9&0|7|10&0|0|3&0|2|10:0|0|8&8|7|11&9|1|7&6|0|2": [
        1.033022000388248,
        1972
    ],
    "0|0|9&0|7|10&0|0|5&0|0|3:0|0|8&6|2|11&8|3|7&9|1|5": [
        1.0330021712832573,
        2086
    ],
    "0|0|9&0|7|10&0|0|3&0|0|5:0|0|8&6|2|11&6|2|3&9|1|3": [
        1.0329629636565196,
        2086
    ],
    "0|0|9&0|7|10&0|0|5&0|0|3:0|0|8&8|10|11&9|3|10&6|0|3": [
        1.032917238907901,
        2082
    ],
    "0|0|9&0|7|10&0|0|3&0|0|5:0|0|8&8|10|11&6|0|3&9|3|10": [
        1.032917238907901,
        2082
    ],
    "0|0|9&0|7|10&0|0|3&0|0|2:0|0|8&6|7|11&9|1|7&6|10|11": [
        1.0327573357846291,
        1942
    ],
    "0|0|9&0|0|7&0|0|2&0|3|11:0|0|8&6|10|11&6|3|11&9|2|11": [
        1.032751697538318,
        1941
    ],
    "0|0|9&0|0|7&0|0|2&0|0|3:0|0|8&6|10|11&9|2|11&6|3|11": [
        1.032751697538318,
        1941
    ],
    "0|0|9&0|7|10&2|10|11&0|0|3:0|0|8&8|7|11&9|1|7&6|0|11": [
        1.0327471527822476,
        1942
    ],
    "0|0|9&0|7|10&2|10|11&0|0|3:0|0|8&8|7|11&9|1|5&6|0|11": [
        1.0327471527822476,
        1942
    ],
    "0|0|9&0|7|10&0|2|10&0|0|3:0|0|8&6|10|11&6|3|11&9|1|3": [
        1.0327471527822476,
        1942
    ],
    "0|0|9&0|7|10&0|0|3&0|2|10:0|0|8&8|7|11&9|1|7&6|0|11": [
        1.0327471527822476,
        1942
    ],
    "0|0|9&0|7|10&0|0|2&0|0|3:0|0|8&6|10|11&8|3|5&6|3|11": [
        1.0327471527822476,
        1942
    ],
    "0|0|9&0|7|10&0|0|3&0|0|2:0|0|8&6|10|11&6|3|11&9|3|11": [
        1.0327301182535724,
        1942
    ],
    "0|0|9&0|0|7&0|0|2&0|3|11:0|0|8&6|10|11&6|3|11&9|3|11": [
        1.0327301182535724,
        1942
    ],
    "0|0|9&0|7|10&2|10|11&0|0|3:0|0|8&8|7|10&9|1|5&6|10|11": [
        1.032718678090403,
        1942
    ],
    "0|0|9&0|7|10&0|0|3&0|2|11:0|0|8&8|7|11&9|1|7&6|10|11": [
        1.032718678090403,
        1942
    ],
    "0|0|9&0|7|10&0|0|2&0|0|3:0|0|8&6|10|11&8|3|7&9|1|5": [
        1.032718678090403,
        1942
    ],
    "0|0|9&0|0|7&0|0|2&0|0|3:0|0|8&6|10|11&9|2|11&8|0|3": [
        1.0327171706956788,
        1941
    ],
    "0|0|9&0|7|10&0|0|3&0|0|2:0|0|8&6|10|11&6|7|11&9|3|11": [
        1.032709563674691,
        1942
    ],
    "0|0|9&0|7|10&0|0|3:0|0|8&6|2|11&6|3|11": [
        1.0327079137462192,
        2149
    ],
    "0|0|9&0|7|10&0|0|3:0|0|8&6|3|11&9|0|1": [
        1.032707572926361,
        2149
    ],
    "0|0|9&0|7|10&2|10|11&0|0|3:0|0|8&8|7|11&9|2|10&6|0|11": [
        1.0326959766228747,
        1941
    ],
    "0|0|9&0|7|10&0|0|3:0|0|8&8|7|11&6|0|3": [
        1.0326645828481602,
        2147
    ],
    "0|0|9&0|7|10&0|0|3:0|0|8&8|7|10&6|0|3": [
        1.0326645828481602,
        2147
    ],
    "0|0|9&0|0|7&0|3|11:0|0|8&9|1|3&6|0|3": [
        1.0326645828481602,
        2147
    ],
    "0|0|9&0|7|10&2|10|11&0|0|3:0|0|8&6|3|7&9|3|11&6|0|11": [
        1.032663949625903,
        1938
    ],
    "0|0|9&0|7|10&0|0|3&0|0|2:0|0|8&6|10|11&9|3|11&6|0|3": [
        1.032663949625903,
        1938
    ],
    "0|0|9&0|7|10&0|0|3:0|0|8&4|3|11&6|2|3": [
        1.0326622193974047,
        2148
    ],
    "0|0|9&0|7|10&0|0|3&0|0|5:0|0|8&6|10|11&6|7|11&9|1|3": [
        1.0326598913390252,
        2057
    ],
    "0|0|9&0|7|10&0|0|3&0|0|5:0|0|8&6|10|11&6|7|11&0|0|1": [
        1.0326598913390252,
        2057
    ],
    "0|0|9&0|7|10&0|0|3:0|0|8&9|3|11&6|0|3": [
        1.0326595537482526,
        2146
    ],
    "0|0|9&0|7|10&0|0|3:0|0|8&4|3|11&6|3|7": [
        1.0326595537482526,
        2146
    ],
    "0|0|9&0|0|7&0|0|3:0|0|8&9|3|11&6|0|3": [
        1.0326595537482526,
        2146
    ],
    "0|0|9&0|7|10&2|10|11&0|0|3:0|0|8&6|2|7&9|1|5&6|0|11": [
        1.0326569514957196,
        1942
    ],
    "0|0|9&0|7|10&0|0|2&0|0|3:0|0|8&6|10|11&6|2|3&6|3|11": [
        1.0326569514957196,
        1942
    ],
    "0|0|9&0|7|10&0|0|3&0|0|2:0|0|8&6|10|11&9|5|11&6|0|3": [
        1.032655036221957,
        1939
    ],
    "0|0|9&0|7|10&0|2|10&0|0|3:0|0|8&6|10|11&9|3|11&9|1|3": [
        1.0326542486000256,
        1942
    ],
    "0|0|9&0|7|10&0|0|3:0|0|8&6|3|11&6|2|3": [
        1.0326464525651466,
        2149
    ],
    "0|0|9&0|7|10&2|10|11&0|0|3:0|0|8&8|3|7&9|2|10&6|10|11": [
        1.0326453498317556,
        1941
    ],
    "0|0|9&0|7|10&0|0|3:0|0|8&6|2|10&6|0|3": [
        1.0326443420324871,
        2147
    ],
    "0|0|9&0|7|10&5|10|11&0|0|3:0|0|8&8|7|11&9|1|7&6|0|11": [
        1.0326422068698347,
        2057
    ],
    "0|0|9&0|7|10&5|10|11&0|0|3:0|0|8&8|7|11&9|1|5&6|0|11": [
        1.0326422068698347,
        2057
    ],
    "0|0|9&0|7|10&0|5|10&0|0|3:0|0|8&6|10|11&6|3|11&9|1|3": [
        1.0326422068698347,
        2057
    ],
    "0|0|9&0|7|10&0|0|3&0|0|5:0|0|8&6|10|11&6|0|11&9|1|3": [
        1.0326422068698347,
        2057
    ],
    "0|0|9&0|7|10&0|0|3&0|0|5:0|0|8&6|10|11&8|0|7&9|1|3": [
        1.0326261840286217,
        2057
    ],