{
    "0|0|4&1|7|11:0|0|8&3|10|11": [
        1.0310500944315828,
        8207
    ],
    "0|0|4&1|7|11&0|1|7:0|0|8&3|10|11&0|0|1": [
        1.0310500944315828,
        8207
    ],
    "0|0|4&0|1|5:0|0|8&3|10|11": [
        1.0310500944315828,
        8207
    ],
    "0|0|4&1|5|7:0|0|8&0|3|11": [
        1.0310071223890973,
        7732
    ],
    "0|0|4&0|1|5:0|0|8&0|3|11": [
        1.0310071223890973,
        7732
    ],
    "0|0|4:0|0|8": [
        1.0309982638888888,
        8325
    ],
    "0|0|4&1|7|11&0|0|1:0|0|8&1|3|11&0|0|1": [
        1.0309982638888888,
        8325
    ],
    "0|0|4&0|1|5:0|0|8&1|3|5": [
        1.0309982638888888,
        8325
    ],
    "0|0|4&0|0|1:0|0|8&0|0|1": [
        1.0309982638888888,
        8325
    ],
    "0|0|4&1|5|7:0|0|8&0|0|11": [
        1.0307972229675342,
        7454
    ],
    "0|0|4&0|1|5:0|0|8&0|0|11": [
        1.0307972229675342,
        7454
    ],
    "0|0|4&1|7|11&0|0|1:0|0|8&0|10|11&0|0|1": [
        1.030766448609888,
        7949
    ],
    "0|0|4&1|5|7:0|0|8&0|10|11": [
        1.030766448609888,
        7949
    ],
    "0|0|4&1|3|5:0|0|8&0|10|11": [
        1.030766448609888,
        7949
    ],
    "0|0|4&0|1|5:0|0|8&0|10|11": [
        1.030766448609888,
        7949
    ],
    "0|0|9&0|7|10&0|0|5:0|0|8&2|5|11&0|3|11": [
        1.0306082315201375,
        3563
    ],
    "0|0|9&0|0|5&0|7|10:0|0|8&2|5|11&0|3|11": [
        1.0306082315201375,
        3563
    ],
    "0|0|9&0|7|10&0|0|5:0|0|8&3|7|11&0|3|11": [
        1.0305900124439147,
        3566
    ],
    "0|0|9&0|0|5&0|7|10:0|0|8&3|7|11&0|3|11": [
        1.0305900124439147,
        3566
    ],
    "0|0|9&0|7|10&0|0|5:0|0|8&2|7|11&0|3|11": [
        1.0304789899240245,
        3562
    ],
    "0|0|9&0|5|11&0|0|7:0|0|8&3|10|11&0|1|11": [
        1.0304251006155303,
        3432
    ],
    "0|0|4&0|1|5:0|0|8&2|5|11": [
        1.0304095239788822,
        7908
    ],
    "0|0|9&0|3|5&0|7|10:0|0|8&2|5|11&0|3|11": [
        1.0303982744696656,
        3618
    ],
    "0|0|9&0|5|11&0|0|7:0|0|8&0|3|11&2|5|11": [
        1.0303931830043218,
        3413
    ],
    "0|0|9&0|5|11&0|0|7:0|0|8&3|10|11&5|10|11": [
        1.0303916619566802,
        3428
    ],
    "0|0|9&0|5|11&0|0|7:0|0|8&3|10|11&2|5|11": [
        1.0303851809774285,
        3428
    ],
    "0|0|9&0|5|11&0|0|7:0|0|8&3|7|11&0|3|11": [
        1.0303706363436769,
        3416
    ],
    "0|0|9&0|5|11&0|0|7:0|0|8&0|3|11&3|7|11": [
        1.0303706363436769,
        3416
    ],
    "0|0|9&0|3|5&0|7|10:0|0|8&3|7|11&0|3|11": [
        1.0303632208551905,
        3622
    ],
    "0|0|9&0|5|11&0|0|7:0|0|8&0|3|11&5|7|11": [
        1.0303549608573366,
        3411
    ],
    "0|0|9&0|0|5&0|0|7:0|0|8&5|7|11&0|3|11": [
        1.0303549608573366,
        3411
    ],
    "0|0|9&0|5|11&0|0|7:0|0|8&3|10|11&5|7|11": [
        1.0303435584500875,
        3426
    ],
    "0|0|9&0|0|5&0|0|7:0|0|8&3|7|11&3|10|11": [
        1.03027984913007,
        3427
    ],
    "0|0|9&0|5|11&0|0|7:0|0|8&2|7|11&0|3|11": [
        1.0302602716515241,
        3412
    ],
    "0|0|9&0|0|5&0|0|7:0|0|8&2|7|11&0|3|11": [
        1.0302602716515241,
        3412
    ],
    "0|0|9&0|7|10&0|0|5:0|0|8&3|7|11&0|0|11": [
        1.0302304402249784,
        3492
    ],
    "0|0|9&0|0|5&0|7|10:0|0|8&3|7|11&0|0|11": [
        1.0302304402249784,
        3492
    ],
    "0|0|9&3|5|11&0|0|7:0|0|8&2|7|11&0|3|11": [
        1.030095944661646,
        3469
    ],
    "0|0|4&0|7|10&0|0|5:0|0|8&1|3|11&0|0|1": [
        1.0300154097772138,
        4483
    ],
    "0|0|4&0|7|10&0|0|5:0|0|8&3|10|11&0|0|1": [
        1.0299979571117275,
        4417
    ],
    "0|0|9&0|5|11&0|0|7:0|0|8&7|10|11&0|10|11": [
        1.0299857262697056,
        3362
    ],
    "0|0|9&0|5|11&0|0|7:0|0|8&0|10|11&5|10|11": [
        1.0299857262697056,
        3362
    ],
    "0|0|9&0|5|11&0|0|7:0|0|8&7|10|11&0|0|11": [
        1.029957310434734,
        3344
    ],
    "0|0|9&0|5|11&0|0|7:0|0|8&0|0|11&2|5|11": [
        1.029957310434734,
        3344
    ],
    "0|0|9&0|5|11&0|0|7:0|0|8&0|10|11&2|5|11": [
        1.0299400692894345,
        3360
    ],
    "0|0|9&0|5|11&0|0|7:0|0|8&0|10|11&5|7|11": [
        1.0299364362444197,
        3360
    ],
    "0|0|9&0|5|11&0|0|7:0|0|6&7|10|11&0|10|11": [
        1.0298426136054484,
        3446
    ],
    "0|0|9&3|5|11&0|0|7:0|0|8&7|10|11&0|10|11": [
        1.029838171275973,
        3417
    ],
    "0|0|9&3|5|11&0|0|7:0|0|8&0|10|11&5|7|11": [
        1.029763923522145,
        3415
    ],
    "0|0|9&0|2|10&0|0|5:0|0|8&3|7|11&0|0|11": [
        1.029763039353118,
        4570
    ],
    "0|0|4&0|7|10&0|0|5:0|0|8&3|7|11&0|3|11": [
        1.0297421152446335,
        4379
    ],
    "0|0|4&0|0|5&0|7|10:0|0|8&2|5|11&0|3|11": [
        1.0296841517857143,
        4375
    ],
    "0|0|4&0|0|5&0|7|10:0|0|8&2|10|11&0|3|11": [
        1.0296496528969343,
        4371
    ],
    "0|0|4&0|7|10&0|0|5:0|0|8&2|7|11&0|3|11": [
        1.0296303271920042,
        4371
    ],
    "0|0|4&0|0|7&0|0|2:0|0|8&3|7|11&0|3|11": [
        1.0295396620586519,
        3427
    ],
    "0|0|4&0|0|7&0|0|2:0|0|8&0|3|11&0|0|1": [
        1.0295396620586519,
        3427
    ],
    "0|0|4&0|0|7&0|0|2:0|0|8&3|10|11&0|0|1": [
        1.0295285969111272,
        3460
    ],
    "0|0|9&0|7|10&0|0|3:0|0|8&2|5|11&0|3|11": [
        1.0292335461302704,
        2182
    ],
    "0|4|9&0|1|5:0|0|8&0|0|11": [
        1.0291601220046755,
        8555
    ],
    "0|0|4&0|7|10:0|0|8&1|3|11": [
        1.0284729355896771,
        6936
    ],
    "0|0|4&0|5|10:0|0|8&3|10|11": [
        1.0284370016657194,
        7917
    ],
    "0|0|4&0|2|10:0|0|8&1|3|5": [
        1.0284242139213862,
        7928
    ],
    "0|0|9&0|0|5:0|0|8&0|0|11": [
        1.0283162199411295,
        5011
    ],
    "0|0|4&0|7|10:0|0|8&3|10|11": [
        1.028292936240692,
        6849
    ],
    "0|0|9&0|0|5:0|0|8&0|10|11": [
        1.0282552340814712,
        5057
    ],
    "0|0|4&0|2|10:0|0|8&0|10|11": [
        1.0281310656855795,
        7583
    ],
    "0|0|4&0|5|10:0|0|8&0|3|11": [
        1.0281233784982593,
        7468
    ],
    "0|0|9&0|0|5:0|0|8&0|3|11": [
        1.0280536134267884,
        5368
    ],
    "0|0|9&0|0|5:0|0|8&3|10|11": [
        1.0280083650667993,
        5408
    ],
    "0|0|4&0|0|5:0|0|8&3|10|11": [
        1.0280020004325259,
        5780
    ],
    "0|4|9:0|0|8": [
        1.0271498794397678,
        11107
    ],
    "0|0|4:0|6|8": [
        1.0224323086319218,
        15350
    ],
    "0|4|9:0|0|6": [
        1.0223715617407014,
        16051
    ],
    "0|0|4:0|0|6": [
        1.0223352380476562,
        14699
    ],
    "0|0|9:0|0|8": [
        1.0217939432011223,
        9713
    ],
    "0|0|9:0|0|6": [
        1.021029471251884,
        11279
    ],
    "1|8|9:0|0|6": [
        1.02006050973899,
        20459
    ],
    "1|4|9:0|0|6": [
        1.02006050973899,
        20459
    ],
    "0|1|9:0|0|6": [
        1.02006050973899,
        20459
    ],
    "0|0|9:0|6|8": [
        1.0200174709915613,
        12561
    ],
    "4|6|8:0|0|6": [
        1.0193734718826406,
        20450
    ],
    "0|4|8:0|0|6": [
        1.0193734718826406,
        20450
    ]
}