{
    "0|0|9&0|3|11&0|0|7:0|0|8&6|0|11&6|3|7": [
        1.0356643746432648,
        2190
    ],
    "0|0|9&0|3|11&0|0|7:0|0|8&6|3|5&6|0|11": [
        1.035607519977169,
        2190
    ],
    "0|0|9&0|0|7&0|3|11:0|0|8&6|2|5&6|0|11": [
        1.0355382766166743,
        2192
    ],
    "0|0|9&0|3|11&0|0|7:0|0|8&6|3|10&6|0|11": [
        1.0355301981802896,
        2193
    ],
    "0|0|9&0|3|11&0|0|7:0|0|8&6|0|11&6|3|10": [
        1.0355301981802896,
        2193
    ],
    "0|0|9&0|0|3&0|0|7:0|0|8&6|3|10&6|0|11": [
        1.0355301981802896,
        2193
    ],
    "0|0|9&0|3|11&0|0|7:0|8|9&8|7|10&6|0|11": [
        1.0355175113895216,
        2195
    ],
    "0|0|9&0|0|7&0|3|11:0|8|9&8|7|10&6|0|11": [
        1.0355175113895216,
        2195
    ],
    "0|0|9&0|0|7&0|3|11:0|8|9&8|0|10&6|0|11": [
        1.0355175113895216,
        2195
    ],
    "0|0|9&0|3|11&0|0|7:0|0|8&6|2|7&6|0|11": [
        1.0354928343835539,
        2192
    ],
    "0|0|9&0|3|11&0|0|7:0|0|8&6|0|11&6|2|7": [
        1.0354928343835539,
        2192
    ],
    "0|0|9&0|0|7&0|3|11:0|0|8&6|2|7&6|0|11": [
        1.0354928343835539,
        2192
    ],
    "0|0|9&0|3|11&0|0|7:0|0|8&6|2|10&6|0|11": [
        1.0354822161422708,
        2193
    ],
    "0|0|9&0|3|11&0|0|7:0|0|8&6|0|11&6|2|10": [
        1.0354822161422708,
        2193
    ],
    "0|0|9&0|0|7&0|3|11:0|0|8&6|2|10&6|0|11": [
        1.0354822161422708,
        2193
    ],
    "0|0|9&0|3|11&0|0|7:0|0|8&6|2|5&6|10|11": [
        1.0354713384252394,
        2192
    ],
    "0|0|9&0|0|3&0|0|7:0|0|8&6|2|5&6|10|11": [
        1.0354713384252394,
        2192
    ],
    "0|0|9&0|7|10&0|0|3:0|0|8&6|0|11&8|3|10": [
        1.035458922060164,
        2194
    ],
    "0|0|9&0|3|11&0|0|7:0|8|9&8|0|7&6|0|11": [
        1.035458922060164,
        2194
    ],
    "0|0|9&0|3|11&0|0|7:0|0|8&6|0|11&9|1|7": [
        1.035458922060164,
        2194
    ],
    "0|0|9&0|3|11&0|0|7:0|0|8&6|0|11&8|7|11": [
        1.035458922060164,
        2194
    ],
    "0|0|9&0|0|7&0|3|11:0|8|9&8|0|7&6|0|11": [
        1.035458922060164,
        2194
    ],
    "0|0|9&0|0|7&0|0|3:0|0|8&6|0|11&4|3|10": [
        1.03543838786513,
        2191
    ],
    "0|0|9&0|3|11&0|0|7:0|0|8&6|2|10&6|10|11": [
        1.0354359040127679,
        2193
    ],
    "0|0|9&0|3|11&0|0|7:0|0|8&6|10|11&6|2|10": [
        1.0354359040127679,
        2193
    ],
    "0|0|9&0|0|5&0|2|10:0|8|9&6|0|7&6|0|11": [
        1.0354296702766754,
        4536
    ],
    "0|0|9&0|3|11&0|0|7:0|0|8&6|10|11&6|3|10": [
        1.035428890397002,
        2193
    ],
    "0|0|9&0|3|11&0|0|7:0|0|8&6|0|2&6|10|11": [
        1.035425896192119,
        2192
    ],
    "0|0|9&0|3|11&0|0|7:0|0|8&6|5|7&6|0|11": [
        1.0354208007366377,
        2189
    ],
    "0|0|9&0|3|11&0|0|7:0|0|8&6|5|11&6|10|11": [
        1.0354165257164425,
        2194
    ],
    "0|0|9&0|3|11&0|0|7:0|0|8&9|1|7&6|10|11": [
        1.0354126310391978,
        2194
    ],
    "0|0|9&0|3|11&0|0|7:0|0|8&9|1|2&6|10|11": [
        1.0354126310391978,
        2194
    ],
    "0|0|9&0|3|11&0|0|7:0|0|8&6|10|11&9|1|7": [
        1.0354126310391978,
        2194
    ],
    "0|0|9&0|3|11&0|0|7:0|0|8&6|10|11&8|7|11": [
        1.0354126310391978,
        2194
    ],
    "0|0|9&0|0|7&0|0|3:0|0|8&6|10|11&8|3|11": [
        1.0354126310391978,
        2194
    ],
    "0|0|9&0|3|11&0|0|7:0|0|8&6|2|3&6|10|11": [
        1.035391373119015,
        2193
    ],
    "0|0|9&0|3|11&0|0|7:0|0|8&9|2|11&6|0|11": [
        1.0352863915369928,
        2193
    ],
    "0|0|9&0|3|11&0|0|7:0|0|8&6|0|11&9|2|10": [
        1.0352502530508667,
        2192
    ],
    "0|0|9&0|0|3&0|0|7:0|0|8&6|10|11&4|2|11": [
        1.035219483869129,
        2193
    ],
    "0|0|9&0|0|7&0|0|3:0|0|8&6|10|11&9|3|11": [
        1.0351473438212495,
        2193
    ],
    "0|0|9&0|7|10&0|0|3:0|0|8&6|10|11&4|3|11": [
        1.035114279632638,
        2193
    ],
    "0|0|9&0|3|11&0|0|7:0|0|8&6|10|11&4|3|11": [
        1.035114279632638,
        2193
    ],
    "0|0|9&0|0|7&0|0|3:0|0|8&6|10|11&4|5|11": [
        1.035031952127053,
        2192
    ],
    "0|0|9&0|3|11&0|0|7:0|0|8&6|0|11&9|0|11": [
        1.0349442951165595,
        2177
    ],
    "0|0|9&0|3|11&0|0|7:0|0|8&4|0|11&9|1|7": [
        1.0349442951165595,
        2177
    ],
    "0|0|9&0|0|5&0|0|2:0|0|8&6|0|10&0|0|1": [
        1.0348280340697744,
        4167
    ],
    "0|0|9&0|3|11&0|0|7:0|0|8&6|0|11&9|2|7": [
        1.0347999607591325,
        2190
    ],
    "0|0|9&0|3|11&0|0|7:0|0|8&6|0|11&9|2|3": [
        1.0347683661498746,
        2191
    ],
    "0|0|9&0|3|11&0|0|7:0|0|8&6|0|3&9|1|7": [
        1.0347411120951417,
        2223
    ],
    "0|0|9&0|3|11&0|0|7:0|0|8&6|0|11&9|0|2": [
        1.0346913901895842,
        2189
    ],
    "0|0|9&0|3|11&0|0|7:0|0|8&6|0|11&9|2|5": [
        1.034676883058535,
        2191
    ],
    "0|0|9&0|0|3&0|0|7:0|0|8&6|0|11&0|0|2": [
        1.0346504584356442,
        2189
    ],
    "0|0|9&0|3|11&0|0|7:0|0|8&6|0|10&9|1|7": [
        1.0346036683384774,
        2187
    ],
    "0|0|9&0|0|5:0|0|8&6|0|10": [
        1.0334750729602251,
        5022
    ],
    "0|0|9&0|0|5:0|0|8&4|0|11": [
        1.0331762103189517,
        4989
    ],
    "0|0|9&0|0|5:0|0|8&4|10|11": [
        1.0330667249054915,
        5026
    ],
    "0|0|9&0|0|5:0|0|8&6|0|11": [
        1.0330198314414003,
        5192
    ],
    "0|0|9&0|0|3:0|0|8&6|0|10": [
        1.032972275012261,
        4078
    ],
    "0|0|4&0|0|5:0|0|8&6|0|11": [
        1.032961820221753,
        5682
    ],
    "0|0|4&0|0|5:0|0|8&4|0|11": [
        1.0329151024524592,
        5469
    ],
    "0|0|4&0|0|2:0|0|8&6|0|11": [
        1.0328355656256276,
        4979
    ],
    "0|0|9&0|0|5:0|0|8&6|10|11": [
        1.0328336604146693,
        5215
    ],
    "0|0|4&0|0|5:0|0|8&4|10|11": [
        1.0328126765935806,
        5530
    ],
    "0|0|4&0|0|5:0|0|8&0|10|11": [
        1.0328126765935806,
        5530
    ],
    "0|0|9&0|3|5:0|0|8&6|0|10": [
        1.0327428522347035,
        5230
    ],
    "0|0|4&0|0|5:0|0|8&6|0|3": [
        1.0327340037223143,
        5734
    ],
    "0|0|4&0|0|2:0|0|8&4|0|11": [
        1.0327276313377332,
        4773
    ],
    "0|0|4:0|0|8": [
        1.0291724691208526,
        8258
    ],
    "0|4|9:0|0|8": [
        1.0258955923614292,
        10915
    ],
    "0|0|9:0|0|8": [
        1.0241940263848472,
        9622
    ],
    "0|0|9:0|0|6": [
        1.0233609682518479,
        11229
    ],
    "0|0|9:0|6|8": [
        1.021405710947529,
        12464
    ],
    "0|4|9:0|0|6": [
        1.021281247050774,
        15894
    ],
    "0|0|4:0|0|6": [
        1.0209694102490388,
        14566
    ],
    "0|0|4:0|6|8": [
        1.0209597683840517,
        15149
    ],
    "0|4|9:0|6|8": [
        1.0201447259485856,
        17816
    ],
    "4|6|8:0|0|6": [
        1.017423562540161,
        20231
    ],
    "0|4|8:0|0|6": [
        1.017423562540161,
        20231
    ],
    "0|1|9:0|0|6": [
        1.0174117948527959,
        20244
    ],
    "0|0|1:0|0|6": [
        1.0174117948527959,
        20244
    ],
    "0|0|9:0|0|1": [
        1.0102289029304832,
        22829
    ]
}