{
    "0|0|9&0|7|10&0|0|2:0|0|8&3|10|11&0|3|11": [
        1.0346241182493932,
        2884
    ],
    "0|0|9&0|7|10&0|0|2:0|0|8&0|3|11&2|7|11": [
        1.034557242003294,
        2884
    ],
    "0|0|9&0|7|10&0|0|2:0|0|8&2|10|11&0|3|11": [
        1.034536671208608,
        2884
    ],
    "0|0|9&0|7|10&0|0|2:0|0|8&0|3|11&2|5|11": [
        1.034536671208608,
        2884
    ],
    "0|0|9&0|7|10&0|0|2:0|0|8&3|10|11&3|7|11": [
        1.0345147101433723,
        2912
    ],
    "0|0|9&0|7|10&0|0|5:0|0|8&3|10|11&0|3|11": [
        1.0345050696958404,
        3522
    ],
    "0|0|9&0|7|10&0|0|5:0|0|8&0|3|11&3|7|11": [
        1.0345050696958404,
        3522
    ],
    "0|0|9&0|7|10&0|0|5:0|0|8&3|10|11&3|10|11": [
        1.034475494453654,
        3544
    ],
    "0|0|9&0|7|10&0|0|5:0|0|8&3|10|11&0|1|7": [
        1.034475494453654,
        3544
    ],
    "0|0|9&0|7|10&0|0|2:0|0|8&0|3|11&5|7|11": [
        1.034436704382807,
        2882
    ],
    "0|0|9&0|7|10&0|0|5:0|0|8&2|5|11&0|3|11": [
        1.0344244521709032,
        3521
    ],
    "0|0|9&0|7|10&0|0|5:0|0|8&0|3|11&2|5|11": [
        1.0344244521709032,
        3521
    ],
    "0|0|4&0|0|7&0|2|11:0|0|8&0|3|11&3|7|11": [
        1.0344044610273517,
        3391
    ],
    "0|0|4&0|0|7&0|0|2:0|0|8&3|10|11&0|3|11": [
        1.0344044610273517,
        3391
    ],
    "0|0|4&0|0|2&0|0|7:0|0|8&0|3|11&3|7|11": [
        1.0344044610273517,
        3391
    ],
    "0|0|9&0|7|10&0|0|5:0|0|8&3|7|11&3|10|11": [
        1.0344003264793318,
        3532
    ],
    "0|0|9&0|7|10&0|0|5:0|0|8&3|10|11&3|7|11": [
        1.0344003264793318,
        3532
    ],
    "0|0|9&0|7|10&0|0|2:0|0|8&0|3|11&2|3|10": [
        1.0343815713883109,
        2883
    ],
    "0|0|9&0|7|10&0|0|5:0|0|8&2|7|11&0|3|11": [
        1.0343802712180399,
        3520
    ],
    "0|0|9&0|7|10&0|0|5:0|0|8&0|3|11&2|7|11": [
        1.0343802712180399,
        3520
    ],
    "0|0|9&0|7|10&0|0|2:0|0|8&0|3|11&5|10|11": [
        1.0343618187781922,
        2882
    ],
    "0|0|4&0|0|7&0|0|2:0|0|8&3|7|10&0|3|11": [
        1.0343502445328772,
        3361
    ],
    "0|0|9&0|7|10&0|0|5:0|0|8&2|10|11&0|3|11": [
        1.0343469574763782,
        3519
    ],
    "0|0|9&0|7|10&0|0|5:0|0|8&0|3|11&5|10|11": [
        1.034326213501705,
        3519
    ],
    "0|0|9&0|7|10&0|0|5:0|0|8&2|10|11&3|10|11": [
        1.0343257857729102,
        3541
    ],
    "0|0|9&0|7|10&0|0|5:0|0|8&3|10|11&5|10|11": [
        1.0343174432098983,
        3541
    ],
    "0|0|4&0|0|7&0|0|2:0|0|8&3|10|11&0|0|3": [
        1.034278365564275,
        3345
    ],
    "0|0|4&0|0|7&0|0|2:0|0|8&5|10|11&0|3|11": [
        1.0342367930448908,
        3386
    ],
    "0|0|9&0|7|10&0|0|5:0|0|8&3|5|11&3|10|11": [
        1.0342256190413135,
        3540
    ],
    "0|0|4&0|0|7&0|0|2:0|0|8&3|10|11&3|7|11": [
        1.0341943144273127,
        3405
    ],
    "0|0|9&0|0|7&0|2|11:0|0|8&0|3|11&3|7|11": [
        1.0341764586012123,
        2722
    ],
    "0|0|9&0|0|7&0|0|2:0|0|8&0|3|11&3|7|11": [
        1.0341764586012123,
        2722
    ],
    "0|0|9&0|0|7&0|5|11:0|0|8&3|10|11&1|7|11": [
        1.0341202552144806,
        3389
    ],
    "0|0|9&0|0|7&0|5|11:0|0|8&0|3|11&3|7|11": [
        1.0340668293596478,
        3379
    ],
    "0|0|9&0|0|7&0|5|11:0|0|8&0|3|11&1|7|11": [
        1.0340668293596478,
        3379
    ],
    "0|0|9&0|7|10&0|0|2:0|0|8&0|10|11&0|1|7": [
        1.0340604049524222,
        2890
    ],
    "0|0|9&0|0|7&0|0|5:0|0|8&3|10|11&3|7|11": [
        1.0340452081486406,
        3384
    ],
    "0|0|4&0|0|7&0|0|2:0|0|8&3|10|11&3|10|11": [
        1.0340357565092755,
        3423
    ],
    "0|0|9&0|0|7&0|2|11:0|0|6&0|10|11&0|1|7": [
        1.0339503539598376,
        2770
    ],
    "0|0|9&0|7|10&0|0|5:0|0|8&0|10|11&0|1|7": [
        1.033856409704278,
        3483
    ],
    "0|0|9&0|7|10&0|0|5:0|0|8&0|0|11&7|10|11": [
        1.0338302299281277,
        3461
    ],
    "0|4|9&0|0|7&0|0|2:0|0|8&0|0|11&0|1|7": [
        1.033651098661501,
        3404
    ],
    "0|0|9&0|0|7&0|0|2:0|0|8&0|0|11&0|1|7": [
        1.0336340258935255,
        2672
    ],
    "0|0|9&0|0|7&3|5|11:0|0|8&3|10|11&0|1|7": [
        1.033610120450261,
        3448
    ],
    "0|0|9&0|7|10&0|0|5:0|0|6&0|0|11&0|1|7": [
        1.0336046693697258,
        3555
    ],
    "0|0|4&1|7|11:0|0|8&3|10|11": [
        1.0310179645311732,
        8148
    ],
    "0|0|9&0|0|5:0|0|8&0|3|11": [
        1.0308164758062606,
        5279
    ],
    "0|0|4:0|0|8": [
        1.0307875918672877,
        8266
    ],
    "0|0|4&1|7|11:0|0|8&1|7|11": [
        1.0307875918672877,
        8266
    ],
    "0|0|4&1|5|7:0|0|8&1|7|11": [
        1.0307875918672877,
        8266
    ],
    "0|0|4&0|1|7:0|0|8&0|0|1": [
        1.0307875918672877,
        8266
    ],
    "0|0|4&0|1|5:0|0|8&1|2|3": [
        1.0307875918672877,
        8266
    ],
    "0|0|4&1|7|11:0|0|8&0|10|11": [
        1.0306741053824922,
        7925
    ],
    "0|0|4&1|5|10:0|0|8&0|10|11": [
        1.0306741053824922,
        7925
    ],
    "0|0|4&0|1|5:0|0|8&0|10|11": [
        1.0306741053824922,
        7925
    ],
    "0|0|4&0|1|2:0|0|8&0|10|11": [
        1.0306741053824922,
        7925
    ],
    "0|0|4&1|7|11:0|0|8&0|3|11": [
        1.030637887121409,
        7693
    ],
    "0|0|4&0|1|5:0|0|8&0|3|11": [
        1.030637887121409,
        7693
    ],
    "0|0|9&0|0|5:0|0|8&3|10|11": [
        1.0306307142227187,
        5315
    ],
    "0|0|4&0|0|2:0|0|8&0|3|11": [
        1.030609872777806,
        4936
    ],
    "0|0|4&1|7|11:0|0|8&2|10|11": [
        1.0305776633177286,
        8224
    ],
    "0|0|9&0|0|5:0|0|8&0|0|11": [
        1.0305722467466272,
        4966
    ],
    "0|0|9&0|0|5:0|0|8&0|3|10": [
        1.0305711563925042,
        5263
    ],
    "0|0|4&0|0|2:0|0|8&3|10|11": [
        1.0305126835655574,
        4988
    ],
    "0|0|4&0|0|5:0|0|8&3|10|11": [
        1.0304949082302088,
        5697
    ],
    "0|0|4&1|7|11:0|0|8&5|10|11": [
        1.0304644472294913,
        8216
    ],
    "0|0|9&0|0|5:0|0|8&0|10|11": [
        1.0304218156487406,
        5002
    ],
    "0|0|4&0|0|5:0|0|8&0|3|11": [
        1.0304206982939488,
        5660
    ],
    "0|0|4&1|7|11:0|0|8&0|0|11": [
        1.0303214651639345,
        7442
    ],
    "0|0|4&1|7|10:0|0|8&0|0|11": [
        1.0303214651639345,
        7442
    ],
    "0|0|4&0|1|5:0|0|8&0|0|11": [
        1.0303214651639345,
        7442
    ],
    "0|0|4&0|0|2:0|0|8&1|7|11": [
        1.0300931697571907,
        5076
    ],
    "0|0|4&0|0|2:0|0|8&0|0|3": [
        1.0300234317879151,
        4787
    ],
    "0|0|4&0|0|5:0|0|8&1|7|11": [
        1.0300149108454295,
        5787
    ],
    "0|0|4&0|0|5:0|0|8&1|2|3": [
        1.0300149108454295,
        5787
    ],
    "0|0|4&0|0|2:0|0|8&0|0|11": [
        1.0299747790320446,
        4720
    ],
    "0|4|9:0|0|8": [
        1.0271226145909422,
        10952
    ],
    "0|0|9:0|0|8": [
        1.023077724483707,
        9636
    ],
    "0|0|9:0|0|6": [
        1.0229656737761617,
        11276
    ],
    "0|0|4:0|6|8": [
        1.0224604896822798,
        15265
    ],
    "0|4|9:0|0|6": [
        1.0223848393393629,
        15977
    ],
    "0|0|4:0|0|6": [
        1.0222147295820814,
        14644
    ],
    "0|4|8:0|0|6": [
        1.0214589887486614,
        20542
    ],
    "1|4|9:0|0|6": [
        1.0214456202582434,
        20562
    ],
    "0|1|9:0|0|6": [
        1.0214456202582434,
        20562
    ],
    "0|0|1:0|0|6": [
        1.0214456202582434,
        20562
    ],
    "0|0|9:0|6|8": [
        1.0213755294597135,
        12498
    ],
    "0|8|9:0|0|6": [
        1.0191676748102607,
        16997
    ],
    "0|0|8:0|0|6": [
        1.0138363183161005,
        10832
    ],
    "0|0|9:0|0|1": [
        1.0106092104316944,
        22597
    ]
}