{
    "0|0|9&0|7|10&0|0|5&0|2|3:0|0|8&9|3|11&8|7|11&6|0|11": [
        1.0346594501742357,
        2780
    ],
    "0|0|9&0|7|10&0|0|5&0|2|3:0|0|8&9|3|11&8|2|7&6|0|11": [
        1.0346594501742357,
        2780
    ],
    "0|0|9&0|7|10&0|0|5&0|2|3:0|0|8&9|3|11&6|3|10&6|0|11": [
        1.0346563513878875,
        2774
    ],
    "0|0|9&0|0|7&0|0|5&2|3|11:0|6|8&9|3|11&8|0|10&6|0|11": [
        1.0346376412777116,
        2729
    ],
    "0|0|9&0|7|10&0|0|5&0|0|2:0|0|8&9|3|11&8|7|11&6|0|11": [
        1.0346226958013367,
        2637
    ],
    "0|0|9&0|7|10&0|0|5&0|0|2:0|0|8&9|3|11&8|2|7&6|0|11": [
        1.0346226958013367,
        2637
    ],
    "0|0|9&0|7|10&0|0|5&0|0|2:0|0|8&9|3|11&6|7|11&6|0|11": [
        1.0346226958013367,
        2637
    ],
    "0|0|9&0|7|10&0|0|5&0|2|3:0|0|8&9|3|11&6|7|11&6|10|11": [
        1.0345987282923705,
        2782
    ],
    "0|0|9&0|0|7&0|0|5&0|2|11:0|6|8&9|3|11&8|0|10&6|0|11": [
        1.0345918754229506,
        2586
    ],
    "0|0|9&0|7|10&0|0|5&0|2|3:0|0|8&9|3|11&8|7|11&6|10|11": [
        1.0345895137828,
        2782
    ],
    "0|0|9&0|7|10&0|0|5&0|0|2:0|0|8&9|3|11&6|7|11&6|10|11": [
        1.0345587114259662,
        2639
    ],
    "0|0|9&0|7|10&0|0|5&0|0|2:0|0|8&9|3|11&8|7|11&6|10|11": [
        1.0345489976079953,
        2639
    ],
    "0|0|9&0|7|10&0|0|5&0|2|3:0|0|8&9|3|11&6|2|7&6|0|11": [
        1.0345381646812004,
        2778
    ],
    "0|0|9&0|7|10&0|0|5&0|2|3:0|0|8&9|3|11&6|3|7&6|0|11": [
        1.0345328541008574,
        2770
    ],
    "0|0|9&0|0|7&0|5|11&2|3|11:0|0|8&9|3|11&8|2|7&6|0|11": [
        1.0345295865455213,
        2724
    ],
    "0|0|9&0|0|7&0|5|11&0|2|3:0|0|8&9|3|11&8|2|7&6|0|11": [
        1.0345295865455213,
        2724
    ],
    "0|0|9&0|0|7&0|0|5&2|3|11:0|0|8&9|3|11&8|7|11&6|0|11": [
        1.0345295865455213,
        2724
    ],
    "0|0|9&0|0|7&0|0|5&0|2|3:0|0|8&9|3|11&8|7|11&6|0|11": [
        1.0345295865455213,
        2724
    ],
    "0|0|9&0|7|10&0|0|5&0|0|2:0|0|8&9|3|11&6|2|7&6|0|11": [
        1.0344935031724383,
        2635
    ],
    "0|0|9&0|0|7&0|5|11&0|2|11:0|0|8&9|3|11&8|7|11&6|0|11": [
        1.0344847450418926,
        2581
    ],
    "0|0|9&0|0|7&0|5|11&0|2|11:0|0|8&9|3|11&8|2|7&6|0|11": [
        1.0344847450418926,
        2581
    ],
    "0|0|9&0|0|7&0|0|5&0|0|2:0|0|8&9|3|11&8|7|11&6|0|11": [
        1.0344847450418926,
        2581
    ],
    "0|0|9&0|7|10&0|0|5&0|0|2:0|0|8&9|3|11&6|2|7&6|10|11": [
        1.0344834513948142,
        2637
    ],
    "0|0|9&0|7|10&0|0|5&0|0|2:0|0|8&9|3|11&6|10|11&6|0|3": [
        1.0344783810549105,
        2627
    ],
    "0|0|9&0|7|10&0|0|5&0|0|2:0|0|8&9|3|11&6|3|7&6|10|11": [
        1.0344660814473183,
        2629
    ],
    "0|0|9&0|0|7&0|5|11&0|2|3:0|0|8&9|3|11&8|2|7&6|10|11": [
        1.0344585774142516,
        2726
    ],
    "0|0|9&0|0|7&0|0|5&2|3|11:0|0|8&9|3|11&6|2|7&6|0|11": [
        1.0344571037208394,
        2722
    ],
    "0|0|9&0|0|7&0|0|5&2|3|11:0|0|8&9|3|11&6|3|7&6|0|11": [
        1.0344497354573507,
        2714
    ],
    "0|0|4&0|7|10&0|0|5&0|0|2:0|0|8&9|3|11&8|7|11&6|0|11": [
        1.03442875061127,
        3323
    ],
    "0|0|4&0|7|10&0|0|5&0|0|2:0|0|8&9|3|11&8|2|7&6|0|11": [
        1.03442875061127,
        3323
    ],
    "0|0|9&0|0|7&0|0|5&0|0|2:0|0|8&9|3|11&8|7|11&6|10|11": [
        1.034409839424845,
        2583
    ],
    "0|0|9&0|7|10&0|3|5&0|2|3:0|0|8&9|3|11&8|7|11&6|0|11": [
        1.0343978300753702,
        2836
    ],
    "0|0|9&0|7|10&0|0|5&2|3|11:0|0|8&9|3|11&8|7|11&6|0|11": [
        1.0343670997973093,
        2806
    ],
    "0|0|9&0|7|10&0|0|5&0|2|3:0|0|8&9|1|3&8|7|11&6|0|11": [
        1.0343440062610816,
        2820
    ],
    "0|0|9&0|7|10&0|0|5&0|2|3:0|0|8&9|1|3&8|7|11&6|10|11": [
        1.0343396834085279,
        2826
    ],
    "0|0|9&0|7|10&0|0|5&0|2|11:0|0|8&9|3|11&8|7|11&6|0|11": [
        1.0343352996551238,
        2664
    ],
    "0|0|9&0|7|10&0|0|5&0|2|11:0|0|8&9|3|11&6|7|11&6|0|11": [
        1.0343352996551238,
        2664
    ],
    "0|0|9&0|7|10&0|0|5&2|3|10:0|0|8&9|3|11&8|2|7&6|0|11": [
        1.034309758813139,
        3326
    ],
    "0|0|9&0|7|10&0|0|5&2|3|11:0|0|8&9|3|11&8|7|11&6|10|11": [
        1.034298019191818,
        2808
    ],
    "0|0|9&0|7|10&0|0|5:0|0|8&9|3|11&6|0|11": [
        1.033718563776958,
        3524
    ],
    "0|0|9&0|7|10&0|0|5:0|0|8&6|10|11&4|3|11": [
        1.033718563776958,
        3524
    ],
    "0|0|9&0|0|5&0|7|10:0|0|8&6|0|11&0|3|11": [
        1.033718563776958,
        3524
    ],
    "0|0|9&0|7|10&0|0|5:0|0|8&9|3|11&6|10|11": [
        1.0336684315653344,
        3528
    ],
    "0|0|9&0|7|10&0|0|5:0|0|8&9|1|7&6|0|11": [
        1.0335598932787977,
        3568
    ],
    "0|0|9&0|7|10&0|0|5:0|0|8&9|1|3&6|0|11": [
        1.0335598932787977,
        3568
    ],
    "0|0|9&0|7|10&0|0|5:0|0|8&6|3|11&6|10|11": [
        1.0335598932787977,
        3568
    ],
    "0|0|9&0|7|10&0|0|5:0|0|8&6|10|11&6|3|11": [
        1.0335598932787977,
        3568
    ],
    "0|0|9&0|7|10&0|0|5:0|0|8&6|0|11&8|3|11": [
        1.0335598932787977,
        3568
    ],
    "0|0|9&0|0|5&0|7|10:0|0|8&8|2|10&6|0|11": [
        1.0335598932787977,
        3568
    ],
    "0|0|9&0|3|5&0|7|10:0|0|8&6|10|11&9|3|11": [
        1.0334900038887724,
        3576
    ],
    "0|0|9&0|7|10&0|0|5:0|0|8&6|0|3&6|10|11": [
        1.033487498022708,
        3556
    ],
    "0|0|9&0|7|10&0|3|5:0|0|8&4|3|11&6|10|11": [
        1.0334698269261062,
        3571
    ],
    "0|0|9&0|3|5&0|7|10:0|0|8&6|0|11&9|3|11": [
        1.0334698269261062,
        3571
    ],
    "0|0|9&0|7|10&0|0|5:0|0|8&9|1|7&4|3|11": [
        1.0334536796045277,
        3578
    ],
    "0|0|9&0|7|10&0|0|5:0|0|8&6|3|11&4|3|11": [
        1.0334536796045277,
        3578
    ],
    "0|0|9&0|0|5&0|7|10:0|0|8&6|3|11&9|3|11": [
        1.0334536796045277,
        3578
    ],
    "0|0|9&0|7|10&0|0|5:0|0|8&6|3|7&6|10|11": [
        1.033440693134815,
        3566
    ],
    "0|0|9&0|7|10&0|3|5:0|0|8&9|1|7&6|0|11": [
        1.0334363279089462,
        3616
    ],
    "0|0|9&0|7|10&0|3|5:0|0|8&6|3|11&6|10|11": [
        1.0334363279089462,
        3616
    ],
    "0|0|9&0|0|5&0|7|10:0|0|8&6|2|10&6|0|11": [
        1.0333883020687238,
        3565
    ],
    "0|0|9&0|7|10&0|0|5:0|0|8&9|1|7&6|10|11": [
        1.0333839850282192,
        3588
    ],
    "0|0|9&0|7|10&0|0|5:0|0|8&9|1|3&6|10|11": [
        1.0333839850282192,
        3588
    ],
    "0|0|9&0|7|10&0|0|5:0|0|8&9|1|7&6|3|11": [
        1.0333745629747928,
        3620
    ],
    "0|0|9&0|7|10&0|0|5:0|0|8&9|1|3&6|3|11": [
        1.0333745629747928,
        3620
    ],
    "0|0|9&0|7|10&0|0|5:0|0|8&6|2|11&4|3|11": [
        1.0333469619025992,
        3578
    ],
    "0|0|9&0|7|10&0|0|5:0|0|8&6|0|11&4|2|11": [
        1.0333244409454003,
        3560
    ],
    "0|0|9&0|7|10&0|0|5:0|0|8&9|3|11&6|0|3": [
        1.0332794146651472,
        3565
    ],
    "0|0|9&0|7|10&0|0|5:0|0|8&6|0|3&4|3|11": [
        1.0332794146651472,
        3565
    ],
    "0|0|9&0|0|5&0|7|10:0|0|8&6|0|3&9|3|11": [
        1.0332794146651472,
        3565
    ],
    "0|0|9&0|0|5&0|7|10:0|0|8&6|2|10&6|10|11": [
        1.0332019676127648,
        3586
    ],
    "0|0|9&0|7|10&0|0|5:0|0|8&6|0|11&4|5|11": [
        1.033188530008946,
        3563
    ],
    "0|0|9&0|0|7&2|3|11:0|0|8&6|2|3&6|0|11": [
        1.0331787441087805,
        2944
    ],
    "0|0|9&0|7|10&0|0|5:0|0|8&9|3|10&6|0|11": [
        1.0331764069384237,
        3518
    ],
    "0|0|9&0|5|11&0|0|7:0|0|8&6|10|11&4|3|11": [
        1.0331696296570076,
        3382
    ],
    "0|0|9&0|0|7&0|0|5:0|0|8&6|10|11&4|3|11": [
        1.0331696296570076,
        3382
    ],
    "0|0|9&0|0|5&0|0|7:0|0|8&6|0|11&0|3|11": [
        1.0331696296570076,
        3382
    ],
    "0|0|9&0|0|7&2|3|11:0|0|8&6|2|7&6|0|11": [
        1.0331639828889265,
        2944
    ],
    "0|0|9&0|7|10&0|3|5:0|0|8&9|1|7&4|3|11": [
        1.033154000783834,
        3628
    ],