{
    "0|0|4&1|7|11&1|5|7:0|0|8&6|0|7&0|0|11": [
        1.040432798571533,
        6843
    ],
    "0|0|4&1|7|11&0|1|5:0|0|8&6|0|3&0|0|11": [
        1.0400472590677459,
        7089
    ],
    "0|0|4&1|7|11&0|1|5:0|0|8&6|0|10&0|0|11": [
        1.0399110697774574,
        7111
    ],
    "0|0|4&1|7|11&0|1|5:0|0|8&6|0|5&0|0|11": [
        1.0397783089603416,
        7054
    ],
    "0|0|4&1|7|11:0|0|8&6|0|11": [
        1.039763160488959,
        7925
    ],
    "0|0|4&1|7|11&1|5|7:0|0|8&6|0|11&0|0|1": [
        1.039763160488959,
        7925
    ],
    "0|0|4&1|7|11&0|1|5:0|0|8&6|0|10&0|3|11": [
        1.0396262611149112,
        7310
    ],
    "0|0|4&1|7|11:0|0|8&4|0|11": [
        1.039549143821261,
        7455
    ],
    "0|0|4&1|7|11&0|1|7:0|0|8&6|0|11&0|0|11": [
        1.039549143821261,
        7455
    ],
    "0|0|4&0|1|5:0|0|8&4|0|11": [
        1.039549143821261,
        7455
    ],
    "0|0|4&1|7|11&0|1|5:0|0|8&6|0|2&0|0|11": [
        1.0395453255935754,
        7160
    ],
    "0|0|4&1|7|11:0|0|8&6|10|11": [
        1.039524490577423,
        8079
    ],
    "0|0|4&1|7|11&0|0|1:0|0|8&6|10|11&0|0|1": [
        1.039524490577423,
        8079
    ],
    "0|0|4&0|1|2:0|0|8&6|10|11": [
        1.039524490577423,
        8079
    ],
    "0|0|4&1|7|11&0|1|5:0|0|8&6|0|7&0|3|11": [
        1.0395062112721176,
        7121
    ],
    "0|0|4&1|7|11:0|0|8&4|10|11": [
        1.0393200957335613,
        7893
    ],
    "0|0|4&1|5|7:0|0|8&4|10|11": [
        1.0393200957335613,
        7893
    ],
    "0|0|4&1|7|11:0|0|8&6|3|11": [
        1.0392113233742863,
        8058
    ],
    "0|0|4&1|7|11:0|0|8&6|0|10": [
        1.0391559690354244,
        7883
    ],
    "0|0|4&1|7|11:0|0|8&4|3|11": [
        1.0390287251052461,
        7720
    ],
    "0|0|4&0|1|5:0|0|8&4|3|11": [
        1.0390287251052461,
        7720
    ],
    "0|0|4&1|7|11:0|0|8&6|0|3": [
        1.0390111019736843,
        7885
    ],
    "0|0|4&0|1|5:0|0|8&6|0|3": [
        1.0390111019736843,
        7885
    ],
    "0|0|4&1|7|11:0|0|8&6|3|10": [
        1.038708005899547,
        8168
    ],
    "0|0|4&1|7|11:0|0|8&6|2|11": [
        1.038386908887862,
        8115
    ],
    "0|0|4&1|7|11:0|0|8&6|7|10": [
        1.0381514835501509,
        7956
    ],
    "0|0|4:0|0|8": [
        1.038149657141131,
        8276
    ],
    "0|0|4&1|7|11:0|0|8&8|3|11": [
        1.038149657141131,
        8276
    ],
    "0|0|4&0|1|7:0|0|8&0|0|1": [
        1.038149657141131,
        8276
    ],
    "0|0|4&1|5|7:0|0|8&6|0|7": [
        1.0380976532265866,
        7752
    ],
    "0|4|9&1|7|11:0|0|8&6|0|11": [
        1.0376394534520197,
        9556
    ],
    "0|4|9&0|1|5:0|0|8&4|0|11": [
        1.0374959333828373,
        8501
    ],
    "0|0|4&0|5|10&0|7|10:0|0|8&8|7|11&6|0|11": [
        1.034915390434102,
        6548
    ],
    "0|0|4&3|5|10&0|7|10:0|0|8&8|7|11&6|0|11": [
        1.0347967298835261,
        6568
    ],
    "0|0|4&0|2|10&0|7|10:0|0|8&8|7|11&6|0|11": [
        1.034794296669121,
        6451
    ],
    "0|0|4&0|5|10:0|0|8&6|0|11": [
        1.0347528453882537,
        7611
    ],
    "0|0|4&0|5|10&5|7|10:0|0|8&8|7|11&6|0|11": [
        1.0347528453882537,
        7611
    ],
    "0|4|9&0|5|10&0|7|10:0|0|8&8|7|11&6|0|11": [
        1.0346024280692618,
        7681
    ],
    "0|0|4&0|5|10&0|7|10:0|0|8&8|7|11&6|3|11": [
        1.0345171934185606,
        6600
    ],
    "0|0|4&2|3|10&0|7|10:0|0|8&8|7|11&6|0|11": [
        1.034508668672568,
        6538
    ],
    "0|0|4&0|5|10&0|7|10:0|0|8&8|7|11&6|0|3": [
        1.0344992733119591,
        6472
    ],
    "0|0|4&0|5|10&0|7|10:0|0|8&6|3|7&6|0|3": [
        1.0344992733119591,
        6472
    ],
    "0|0|4&0|2|10:0|0|8&6|0|11": [
        1.034465447424323,
        7532
    ],
    "0|0|4&0|5|10:0|0|8&4|10|11": [
        1.0344437172505272,
        7586
    ],
    "0|0|4&0|2|10&0|5|10:0|0|8&6|3|7&0|3|11": [
        1.0344142162893701,
        6985
    ],
    "0|0|4&0|3|10&0|7|10:0|0|8&8|7|11&6|0|11": [
        1.0343887380560461,
        6227
    ],
    "0|0|4&0|2|10&0|5|10:0|0|8&6|3|5&0|3|11": [
        1.0343818070632766,
        7001
    ],
    "0|0|4&0|2|10&0|7|10:0|0|8&8|7|11&6|0|3": [
        1.0343637019419187,
        6379
    ],
    "0|0|4&0|2|10&0|7|10:0|0|8&6|3|7&6|0|3": [
        1.0343637019419187,
        6379
    ],
    "0|0|4&0|2|10:0|0|8&6|10|11": [
        1.0343630792201342,
        7676
    ],
    "0|0|4&0|5|10:0|0|8&4|0|11": [
        1.0343082720844363,
        7177
    ],
    "0|0|4&0|7|10:0|0|8&6|0|11": [
        1.034134136134517,
        6646
    ],
    "0|0|4&0|1|5&0|7|10:0|0|8&8|7|11&6|0|11": [
        1.034134136134517,
        6646
    ],
    "0|0|4&2|3|10&0|7|10:0|0|8&8|7|11&6|0|3": [
        1.0340900710403127,
        6462
    ],
    "0|0|4&0|2|10:0|0|8&4|0|11": [
        1.0340063421575874,
        7104
    ],
    "0|0|4&0|5|10&0|7|10:0|0|8&6|3|10&0|3|11": [
        1.0339431409764317,
        6269
    ],
    "0|4|9&0|1|5&0|7|10:0|0|8&8|7|11&6|0|11": [
        1.033921244700668,
        7784
    ],
    "0|0|4&0|2|10&0|7|10:0|0|8&6|2|3&4|3|11": [
        1.0338851776629983,
        6020
    ],
    "0|0|4&0|0|10&0|7|10:0|0|8&8|7|11&6|10|11": [
        1.0337494307034754,
        4460
    ],
    "0|0|4&0|0|10&5|7|10:0|0|8&8|7|11&6|0|11": [
        1.0337266616205305,
        4335
    ],
    "0|0|4&0|0|10&0|7|10:0|0|8&8|7|11&6|0|11": [
        1.0337266616205305,
        4335
    ],
    "0|0|4&0|0|10&5|7|10:0|0|8&6|3|7&6|0|11": [
        1.0336057003750296,
        4233
    ],
    "0|0|4&0|1|5&0|7|10:0|0|8&6|3|7&6|0|3": [
        1.0335568259146108,
        6567
    ],
    "0|0|4&0|0|10&5|7|10:0|0|8&6|3|7&6|0|3": [
        1.0333718395975926,
        4237
    ],
    "0|4|9:0|0|8": [
        1.033358966990236,
        11010
    ],
    "0|0|4&0|0|10&0|5|10:0|0|8&6|2|3&6|3|5": [
        1.033357670622052,
        4240
    ],
    "0|0|9&0|0|5&0|2|10:0|0|8&8|7|11&6|0|11": [
        1.0323919978666245,
        4746
    ],
    "0|0|9&0|0|5&0|2|10:0|0|8&6|7|11&6|10|11": [
        1.0322932956397182,
        4756
    ],
    "0|0|9&0|0|5&0|2|10:0|0|8&8|7|11&4|10|11": [
        1.032094271115781,
        4610
    ],
    "0|0|9&0|2|3&0|7|10:0|0|8&6|3|10&6|0|11": [
        1.0320917031148638,
        3083
    ],
    "0|4|9:0|0|6": [
        1.02610001129565,
        16046
    ],
    "0|0|4:0|0|6": [
        1.0259685607220634,
        14694
    ],
    "0|0|4:0|6|8": [
        1.0258386708284324,
        15303
    ],
    "0|4|9:0|6|8": [
        1.0247592025814314,
        18052
    ],
    "0|0|9:0|0|8": [
        1.0239806743846314,
        9669
    ],
    "0|0|9:0|0|6": [
        1.0234708511205977,
        11244
    ],
    "0|4|8:0|0|6": [
        1.0227927493623388,
        20387
    ],
    "1|8|9:0|0|6": [
        1.0227864583333333,
        20403
    ],
    "0|1|9:0|0|6": [
        1.0227864583333333,
        20403
    ],
    "0|0|9:0|6|8": [
        1.0219599781796755,
        12517
    ],
    "0|4|6:0|0|8": [
        1.006847796640285,
        14246
    ]
}