{
    "0|0|9&0|0|7&0|2|11:0|0|8&9|3|11&6|0|11": [
        1.0337405071578212,
        2685
    ],
    "0|0|9&0|0|7&0|0|2:0|0|8&9|3|11&6|0|11": [
        1.0337405071578212,
        2685
    ],
    "0|0|9&0|0|7&0|0|2:0|0|8&4|3|11&6|10|11": [
        1.0337405071578212,
        2685
    ],
    "0|0|9&0|7|10&0|0|2:0|8|9&8|0|7&6|0|11": [
        1.0335915683886852,
        2932
    ],
    "0|0|9&0|7|10&0|0|2:0|0|8&9|1|3&6|0|11": [
        1.0335915683886852,
        2932
    ],
    "0|0|9&0|7|10&0|0|2:0|0|8&8|0|7&6|0|11": [
        1.0335915683886852,
        2932
    ],
    "0|0|9&0|7|10&0|0|2:0|0|8&6|3|11&6|10|11": [
        1.0335915683886852,
        2932
    ],
    "0|0|9&0|7|10&0|0|2:0|0|8&6|0|11&0|0|1": [
        1.0335915683886852,
        2932
    ],
    "0|0|9&0|0|2&0|7|10:0|8|9&8|0|7&6|0|11": [
        1.0335915683886852,
        2932
    ],
    "0|0|9&0|0|2&0|7|10:0|0|8&9|1|3&6|0|11": [
        1.0335915683886852,
        2932
    ],
    "0|0|9&0|0|2&0|7|10:0|0|8&6|3|10&6|0|11": [
        1.0335344825286032,
        2928
    ],
    "0|0|9&0|7|10&0|0|2:0|0|8&6|10|11&0|3|11": [
        1.0335183704111441,
        2867
    ],
    "0|0|9&0|7|10&0|0|2:0|0|8&4|3|11&6|10|11": [
        1.0335183704111441,
        2867
    ],
    "0|0|9&0|0|2&0|7|10:0|0|8&9|3|11&6|0|11": [
        1.0335183704111441,
        2867
    ],
    "0|0|9&0|0|2&0|7|10:0|0|8&9|3|10&6|0|11": [
        1.0335127895989455,
        2869
    ],
    "0|0|9&0|0|2&0|7|10:0|0|8&9|2|11&6|0|11": [
        1.0333580780289775,
        2929
    ],
    "0|0|9&0|0|7&0|0|2:0|0|8&4|3|10&6|0|11": [
        1.0333411650030284,
        2683
    ],
    "0|0|9&0|2|11&0|0|7:0|8|9&8|0|7&6|0|11": [
        1.0333051032713059,
        2734
    ],
    "0|0|9&0|2|11&0|0|7:0|0|8&9|1|3&6|0|11": [
        1.0333051032713059,
        2734
    ],
    "0|0|9&0|0|7&0|2|11:0|0|8&8|7|11&6|0|11": [
        1.0333051032713059,
        2734
    ],
    "0|0|9&0|0|7&0|2|11:0|0|8&6|0|11&6|2|11": [
        1.0333051032713059,
        2734
    ],
    "0|0|9&0|0|7&0|0|2:0|0|8&6|3|11&6|10|11": [
        1.0333051032713059,
        2734
    ],
    "0|0|9&0|0|2&0|0|7:0|8|9&8|0|7&6|0|11": [
        1.0333051032713059,
        2734
    ],
    "0|0|9&0|0|7&0|0|2:0|0|8&9|3|10&6|0|11": [
        1.0332844445673435,
        2684
    ],
    "0|0|9&0|0|2&0|0|7:0|0|8&9|3|10&6|0|11": [
        1.0332844445673435,
        2684
    ],
    "0|0|9&0|0|7&0|2|11:0|0|8&6|0|11&6|2|10": [
        1.033248220470236,
        2734
    ],
    "0|0|9&0|0|7&0|0|2:0|0|8&6|0|11&6|2|10": [
        1.033248220470236,
        2734
    ],
    "0|0|9&0|0|7&0|2|11:0|0|8&9|3|11&6|10|11": [
        1.033230673239225,
        2703
    ],
    "0|0|9&0|0|7&0|0|2:0|0|8&9|3|11&6|10|11": [
        1.033230673239225,
        2703
    ],
    "0|0|9&0|0|7&0|2|11:0|0|8&6|0|11&6|2|3": [
        1.0332275926412766,
        2734
    ],
    "0|0|9&0|0|2&0|0|7:0|0|8&6|0|11&6|2|3": [
        1.0332275926412766,
        2734
    ],
    "0|0|9&0|7|10&0|0|2:0|8|9&8|7|10&6|0|11": [
        1.033222646365764,
        2964
    ],
    "0|0|9&0|0|7&0|2|11:0|0|8&6|0|11&9|2|11": [
        1.0332152739663374,
        2733
    ],
    "0|0|9&0|0|7&0|0|2:0|0|8&6|3|10&6|0|11": [
        1.0331957945235262,
        2731
    ],
    "0|0|9&0|0|2&0|0|7:0|0|8&6|3|10&6|0|11": [
        1.0331957945235262,
        2731
    ],
    "0|0|9&2|3|11&0|0|7:0|0|8&9|3|11&6|0|11": [
        1.0331844169061302,
        2871
    ],
    "0|0|9&0|7|10&0|2|3:0|8|9&8|0|7&6|0|11": [
        1.0330877885212877,
        3118
    ],
    "0|0|9&0|7|10&0|2|3:0|0|8&6|0|11&9|0|1": [
        1.0330877885212877,
        3118
    ],
    "0|0|9&0|0|7&0|0|2:0|0|8&6|0|3&6|10|11": [
        1.0330797555905964,
        2725
    ],
    "0|0|9&0|7|10&0|0|2:0|0|8&6|0|10&6|3|11": [
        1.0330318496730275,
        2915
    ],
    "0|0|9&0|7|10&0|2|3:0|0|8&6|3|10&6|0|11": [
        1.0330284476356777,
        3114
    ],
    "0|0|9&0|7|10&0|2|3:0|0|8&9|3|11&6|0|11": [
        1.0330152999057995,
        3052
    ],
    "0|0|9&0|7|10&0|0|5:0|8|9&8|0|7&6|0|11": [
        1.0329628323555797,
        3553
    ],
    "0|0|9&0|7|10&0|0|5:0|0|8&9|1|3&6|0|11": [
        1.0329628323555797,
        3553
    ],
    "0|0|9&0|7|10&0|0|5:0|0|8&6|0|11&9|0|1": [
        1.0329628323555797,
        3553
    ],
    "0|0|9&0|7|10&0|0|5:0|0|8&6|0|11&6|2|11": [
        1.0329628323555797,
        3553
    ],
    "0|0|9&0|7|10&0|0|5:0|0|8&9|3|11&6|0|11": [
        1.0329138790111008,
        3502
    ],
    "0|0|9&0|7|10&0|0|5:0|0|8&6|10|11&0|3|11": [
        1.0329138790111008,
        3502
    ],
    "0|0|9&0|2|11&0|0|7:0|8|9&8|7|10&6|0|11": [
        1.0328953533942202,
        2751
    ],
    "0|0|9&0|0|7&0|2|11:0|8|9&8|7|10&6|0|11": [
        1.0328953533942202,
        2751
    ],
    "0|0|9&0|0|7&0|0|2:0|8|9&8|7|10&6|0|11": [
        1.0328953533942202,
        2751
    ],
    "0|0|9&2|3|11&0|0|7:0|8|9&8|0|7&6|0|11": [
        1.0327788669334133,
        2921
    ],
    "0|0|9&0|2|3&0|0|7:0|8|9&8|0|7&6|0|11": [
        1.0327788669334133,
        2921
    ],
    "0|0|9&0|0|7&0|2|3:0|8|9&8|0|7&6|0|11": [
        1.0327788669334133,
        2921
    ],
    "0|0|9&0|0|7&0|2|3:0|0|8&6|0|11&0|0|1": [
        1.0327788669334133,
        2921
    ],
    "0|0|9&0|7|10&0|0|2:0|8|9&6|0|7&6|0|11": [
        1.0327197148047815,
        2907
    ],
    "0|0|9&0|7|10&0|2|3:0|8|9&8|7|10&6|0|11": [
        1.0327002728174604,
        3150
    ],
    "0|0|9&0|7|10&0|0|5:0|8|9&8|7|10&6|0|11": [
        1.032637295599401,
        3589
    ],
    "0|0|9&0|7|10&0|0|5:0|0|8&6|10|11&0|0|1": [
        1.0324915826753773,
        3578
    ],
    "0|0|9&0|0|7&0|5|11:0|8|9&8|0|7&6|0|11": [
        1.032354052576448,
        3401
    ],
    "0|0|9&0|0|5&0|0|7:0|0|8&6|0|11&0|0|1": [
        1.032354052576448,
        3401
    ],
    "0|0|9&0|0|7&0|2|3:0|8|9&8|7|10&6|0|11": [
        1.0323483835198264,
        2938
    ],
    "0|0|9&0|7|10&0|3|5:0|8|9&8|0|7&6|0|11": [
        1.03234447247766,
        3609
    ],
    "0|0|9&0|7|10&0|3|5:0|0|8&6|0|11&0|0|1": [
        1.03234447247766,
        3609
    ],
    "0|0|9&0|7|10&0|0|5:0|0|8&6|3|10&0|3|11": [
        1.032179276170884,
        3547
    ],
    "0|0|9&0|0|5:0|0|8&6|0|11": [
        1.0311600807669081,
        5175
    ],
    "0|0|9&0|0|5:0|0|8&6|0|10": [
        1.0310849033094098,
        5016
    ],
    "0|0|9&0|0|5:0|0|8&4|0|11": [
        1.0310394091483874,
        4992
    ],
    "0|0|9&0|0|5:0|0|8&6|10|11": [
        1.0307547901186482,
        5215
    ],
    "0|0|9&0|0|5:0|0|8&4|10|11": [
        1.0306419206373763,
        5050
    ],
    "0|0|9&0|3|5:0|0|8&6|0|11": [
        1.0305943752315672,
        5398
    ],
    "0|0|9&0|3|5:0|0|8&6|0|10": [
        1.030523005551696,
        5218
    ],
    "0|0|9&0|0|2:0|0|8&6|0|11": [
        1.0304996713829,
        4731
    ],
    "0|0|9&0|3|5:0|0|8&4|0|11": [
        1.0303205844874015,
        5199
    ],
    "0|0|9&0|0|2:0|0|8&4|0|11": [
        1.0301922013274336,
        4520
    ],
    "0|0|9&0|3|5:0|0|8&6|10|11": [
        1.0301467463708196,
        5442
    ],
    "0|0|9&0|0|2:0|0|8&6|0|10": [
        1.0299209315845301,
        4596
    ],
    "0|0|9&0|0|2:0|0|8&6|10|11": [
        1.0297721786752492,
        4816
    ],
    "0|0|9&0|0|3:0|0|8&6|0|10": [
        1.0296116736445227,
        4053
    ],
    "0|0|9&0|0|3:0|0|8&6|0|11": [
        1.0293042609607659,
        4231
    ],
    "0|0|4:0|0|8": [
        1.0245556923413368,
        8288
    ],
    "0|0|9:0|0|8": [
        1.0235348916540745,
        9596
    ],
    "0|4|9:0|0|8": [
        1.0227322296910755,
        10925
    ],
    "0|0|9:0|0|6": [
        1.0225905373831776,
        11235
    ],
    "0|0|9:0|6|8": [
        1.0210203729281768,
        12489
    ],
    "0|4|9:0|0|6": [
        1.0192430719339622,
        15900
    ],
    "0|0|4:0|6|8": [
        1.0190886630053158,
        15238
    ],
    "0|0|4:0|0|6": [
        1.0187983261223441,
        14590
    ],