{
    "0|0|4&0|7|10&0|0|5:0|0|8&3|7|11&0|3|11": [
        1.0287702645051195,
        4395
    ],
    "0|0|4&0|7|10&0|0|5:0|0|8&1|7|11&0|3|11": [
        1.0287702645051195,
        4395
    ],
    "0|0|4&0|7|10&0|0|5:0|0|8&0|3|11&2|3|11": [
        1.0287702645051195,
        4395
    ],
    "0|0|4&0|0|5&0|7|10:0|0|8&0|3|11&3|7|11": [
        1.0287702645051195,
        4395
    ],
    "0|0|4&0|7|10&0|0|5:0|0|8&2|5|11&0|3|11": [
        1.028728565864728,
        4393
    ],
    "0|0|4&0|7|10&0|0|5:0|0|8&0|3|11&2|5|11": [
        1.028728565864728,
        4393
    ],
    "0|0|4&0|7|10&0|0|5:0|0|8&5|7|11&0|3|11": [
        1.0286938609972678,
        4392
    ],
    "0|4|9&0|7|10&0|0|5:0|0|8&3|7|11&0|3|11": [
        1.0286937669353515,
        4567
    ],
    "0|4|9&0|7|10&0|0|5:0|0|8&3|10|11&0|3|11": [
        1.0286937669353515,
        4567
    ],
    "0|0|4&0|7|10&0|0|5:0|0|8&2|3|11&3|10|11": [
        1.0286690057526637,
        4411
    ],
    "0|4|9&0|7|10&0|0|5:0|0|8&2|5|11&0|3|11": [
        1.0286411983159913,
        4565
    ],
    "0|0|4&0|7|10&0|0|5:0|0|8&1|7|10&3|10|11": [
        1.0286121587643677,
        4437
    ],
    "0|0|4&0|0|5&0|7|10:0|0|8&3|10|11&1|7|11": [
        1.0286121587643677,
        4437
    ],
    "0|4|9&0|7|10&0|0|5:0|0|8&5|7|11&0|3|11": [
        1.028603823742879,
        4564
    ],
    "0|0|4&0|7|10&0|0|5:0|0|8&3|7|11&3|10|11": [
        1.0285528801173736,
        4409
    ],
    "0|0|4&0|0|5&0|7|10:0|0|8&3|10|11&5|10|11": [
        1.0285432498449132,
        4433
    ],
    "0|0|4&0|7|10&0|0|5:0|0|8&2|10|11&0|3|11": [
        1.0285265721120984,
        4389
    ],
    "0|0|4&0|7|10&0|0|5:0|0|8&0|3|11&2|10|11": [
        1.0285265721120984,
        4389
    ],
    "0|0|4&0|0|5&0|7|10:0|0|8&0|3|11&2|10|11": [
        1.0285265721120984,
        4389
    ],
    "0|0|4&0|7|10&0|0|5:0|0|8&2|7|11&0|3|11": [
        1.0284924116290983,
        4392
    ],
    "0|0|4&0|0|5&0|7|10:0|0|8&0|3|11&2|7|11": [
        1.0284924116290983,
        4392
    ],
    "0|4|9&0|7|10&0|0|5:0|0|8&2|7|11&0|3|11": [
        1.028423361994576,
        4563
    ],
    "0|0|4&0|7|10&0|0|5:0|0|8&0|3|11&2|3|10": [
        1.0283702326277955,
        4382
    ],
    "0|0|4&0|7|10&0|0|5:0|0|8&3|10|11&2|10|11": [
        1.0283355093453992,
        4434
    ],
    "0|0|4&0|7|10&0|3|5:0|0|8&0|3|11&2|5|11": [
        1.028326781979845,
        4453
    ],
    "0|4|9&0|7|10&0|3|5:0|0|8&3|7|11&0|3|11": [
        1.0282604219996228,
        4639
    ],
    "0|4|9&0|7|10&0|3|5:0|0|8&3|10|11&0|3|11": [
        1.0282604219996228,
        4639
    ],
    "0|0|9&0|7|10&0|0|5:0|0|8&3|10|11&3|10|11": [
        1.0282602477771967,
        3585
    ],
    "0|0|9&0|7|10&0|0|5:0|0|8&1|7|10&3|10|11": [
        1.0282602477771967,
        3585
    ],
    "0|0|9&0|0|5&0|7|10:0|0|8&3|10|11&1|7|11": [
        1.0282602477771967,
        3585
    ],
    "0|0|9&0|7|10&0|0|5:0|0|8&3|7|11&0|3|11": [
        1.028244485616751,
        3561
    ],
    "0|0|9&0|7|10&0|0|5:0|0|8&3|5|11&0|3|11": [
        1.028244485616751,
        3561
    ],
    "0|0|9&0|7|10&0|0|5:0|0|8&3|10|11&0|3|11": [
        1.028244485616751,
        3561
    ],
    "0|0|9&0|7|10&0|0|5:0|0|8&0|3|11&2|3|11": [
        1.028244485616751,
        3561
    ],
    "0|0|9&0|0|5&0|7|10:0|0|8&0|3|11&3|7|11": [
        1.028244485616751,
        3561
    ],
    "0|0|9&0|7|10&0|0|5:0|0|8&2|5|11&0|3|11": [
        1.0282065721751263,
        3561
    ],
    "0|0|9&0|7|10&0|0|5:0|0|8&0|3|11&2|5|11": [
        1.0282065721751263,
        3561
    ],
    "0|0|4&0|7|10&0|0|5:0|0|8&2|5|10&0|3|11": [
        1.0281941964285715,
        4375
    ],
    "0|0|9&0|0|5&0|7|10:0|0|8&3|10|11&5|10|11": [
        1.0281808035714286,
        3584
    ],
    "0|0|9&0|7|10&0|0|5:0|0|8&5|10|11&0|3|11": [
        1.0281645014044944,
        3560
    ],
    "0|0|9&0|7|10&0|0|5:0|0|8&0|3|11&5|10|11": [
        1.0281645014044944,
        3560
    ],
    "0|0|9&0|7|10&0|0|5:0|0|8&0|3|11&0|5|11": [
        1.0281645014044944,
        3560
    ],
    "0|0|9&0|0|5&0|7|10:0|0|8&0|3|11&5|10|11": [
        1.0281645014044944,
        3560
    ],
    "0|0|9&0|7|10&0|0|5:0|0|8&5|7|11&0|3|11": [
        1.028154398343162,
        3561
    ],
    "0|0|9&0|7|10&0|0|5:0|0|8&0|3|11&5|7|11": [
        1.028154398343162,
        3561
    ],
    "0|0|9&0|0|5&0|7|10:0|0|8&0|3|11&5|7|11": [
        1.028154398343162,
        3561
    ],
    "0|0|9&0|7|10&0|0|5:0|0|8&3|10|11&2|3|11": [
        1.0281437989647453,
        3574
    ],
    "0|0|9&0|7|10&0|0|5:0|0|8&2|3|11&3|10|11": [
        1.0281437989647453,
        3574
    ],
    "0|0|9&0|7|10&0|0|5:0|0|8&2|7|11&0|3|11": [
        1.0281289775719804,
        3560
    ],
    "0|0|9&0|7|10&0|0|5:0|0|8&0|3|11&2|7|11": [
        1.0281289775719804,
        3560
    ],
    "0|0|9&0|0|5&0|7|10:0|0|8&0|3|11&2|7|11": [
        1.0281289775719804,
        3560
    ],
    "0|0|4&0|7|10&0|3|5:0|0|8&2|10|11&0|3|11": [
        1.0281240780933918,
        4449
    ],
    "0|0|9&0|7|10&0|0|5:0|0|8&3|10|11&2|5|11": [
        1.0280976355358638,
        3583
    ],
    "0|0|9&0|7|10&0|0|5:0|0|8&3|10|11&2|10|11": [
        1.0280897314575774,
        3583
    ],
    "0|0|9&0|0|5&0|7|10:0|0|8&3|10|11&2|10|11": [
        1.0280897314575774,
        3583
    ],
    "0|0|4&0|7|10&0|0|5:0|0|8&1|10|11&3|5|11": [
        1.0280865550545535,
        4491
    ],
    "0|0|9&0|7|10&0|0|5:0|0|8&3|10|11&3|5|11": [
        1.0280834667777856,
        3581
    ],
    "0|0|9&0|7|10&0|3|5:0|0|8&3|7|11&0|3|11": [
        1.0280812440486495,
        3610
    ],
    "0|0|9&0|7|10&0|3|5:0|0|8&1|7|10&0|3|11": [
        1.0280812440486495,
        3610
    ],
    "0|0|9&0|7|10&0|3|5:0|0|8&1|5|10&0|3|11": [
        1.0280812440486495,
        3610
    ],
    "0|0|9&0|7|10&0|3|5:0|0|8&0|3|11&3|7|11": [
        1.0280812440486495,
        3610
    ],
    "0|0|9&0|7|10&0|3|5:0|0|8&0|3|11&2|3|11": [
        1.0280812440486495,
        3610
    ],
    "0|0|9&0|3|5&0|7|10:0|0|8&0|3|11&3|7|11": [
        1.0280812440486495,
        3610
    ],
    "0|4|9&0|7|10&0|0|5:0|0|8&7|10|11&0|0|11": [
        1.0280735289453653,
        4434
    ],
    "0|4|9&0|0|5&0|7|10:0|0|8&0|0|11&1|7|11": [
        1.0280735289453653,
        4434
    ],
    "0|0|9&0|7|10&0|0|5:0|0|8&2|10|11&0|3|11": [
        1.0280686239636032,
        3558
    ],
    "0|0|9&0|7|10&0|0|5:0|0|8&0|3|11&2|10|11": [
        1.0280686239636032,
        3558
    ],
    "0|0|9&0|7|10&0|3|5:0|0|8&2|5|11&0|3|11": [
        1.0280309155496674,
        3609
    ],
    "0|0|9&0|7|10&0|0|5:0|0|8&3|7|11&3|10|11": [
        1.0280141971907362,
        3573
    ],
    "0|0|9&0|7|10&0|0|5:0|0|8&3|10|11&3|7|11": [
        1.0280141971907362,
        3573
    ],
    "0|0|4&0|2|11&0|0|7:0|0|8&1|3|11&0|3|11": [
        1.027981983129529,
        3450
    ],
    "0|0|4&0|0|7&0|0|2:0|0|8&3|10|11&0|3|11": [
        1.027981983129529,
        3450
    ],
    "0|0|4&0|0|7&0|0|2:0|0|8&1|7|11&0|3|11": [
        1.027981983129529,
        3450
    ],
    "0|4|9&0|7|10&0|0|3:0|0|8&3|10|11&0|3|11": [
        1.0279557681901432,
        3003
    ],
    "0|0|9&0|0|5&0|7|10:0|0|8&0|3|11&2|3|10": [
        1.0279397443901237,
        3554
    ],
    "0|0|9&0|7|10&0|0|5:0|0|8&5|7|11&3|10|11": [
        1.027928951397613,
        3582
    ],
    "0|0|4&0|7|10&0|0|5:0|0|8&7|10|11&0|0|11": [
        1.027900688743062,
        4324
    ],
    "0|0|4&0|0|5&0|7|10:0|0|8&0|0|11&1|7|11": [
        1.027900688743062,
        4324
    ],
    "0|0|9&0|7|10&0|3|5:0|0|8&2|10|11&0|3|11": [
        1.0278994644342763,
        3606
    ],
    "0|1|9&0|0|5&0|7|10:0|0|8&0|0|11&1|7|11": [
        1.0278586590769354,
        4676
    ],
    "0|0|4&0|7|10&0|0|2:0|0|8&3|7|11&0|3|11": [
        1.0278464598867716,
        3621
    ],
    "0|0|4&0|0|2&0|7|10:0|0|8&3|10|11&0|3|11": [
        1.0278464598867716,
        3621
    ],
    "0|0|9&0|0|5&0|0|2:0|0|8&3|10|11&0|0|11": [
        1.0277947944059287,
        4183
    ],