{
    "0|0|4&0|7|10&0|0|10:0|0|8&0|0|3&0|0|1": [
        1.0560584688469712,
        3706
    ],
    "0|0|4&0|0|10:0|0|8&0|0|3": [
        1.0560584688469712,
        3706
    ],
    "0|0|4&0|0|10:0|0|8&0|0|5": [
        1.0556830432432207,
        3743
    ],
    "0|0|4&0|0|10:0|0|8&0|3|5": [
        1.055580386841405,
        3758
    ],
    "0|0|4&0|0|10:0|0|8&0|0|2": [
        1.0555735967819644,
        3762
    ],
    "0|0|4&0|7|10&0|0|10:0|0|6&0|0|3&0|0|1": [
        1.0555342101643772,
        3749
    ],
    "0|0|4&0|0|10:0|0|6&0|0|3": [
        1.0555342101643772,
        3749
    ],
    "0|0|4&0|0|10:0|0|8&0|2|3": [
        1.0555177072999338,
        3780
    ],
    "0|0|4&0|0|10:0|0|8&0|2|5": [
        1.0554974800049473,
        3790
    ],
    "0|0|4&0|0|10:0|0|8&2|3|5": [
        1.0553872628531538,
        3805
    ],
    "0|0|4&0|0|10:0|6|8&0|0|3": [
        1.0550476350395928,
        3757
    ],
    "0|0|4&0|0|10:0|0|8&0|0|11": [
        1.0542785021420757,
        4114
    ],
    "0|0|4&0|0|10:0|0|8&0|2|11": [
        1.0541707454819278,
        4150
    ],
    "0|0|4&0|0|10:0|0|8&0|3|11": [
        1.0541597437181354,
        4119
    ],
    "0|0|4&0|0|10:0|0|8&3|5|11": [
        1.053875814742895,
        4152
    ],
    "0|0|4&0|0|10:0|0|8&0|0|1": [
        1.0526439485497237,
        4525
    ],
    "0|0|4&0|0|10:0|0|8&5|10|11": [
        1.0523628965894003,
        4519
    ],
    "0|0|4&0|0|10:0|0|8&0|3|10": [
        1.0522670030646772,
        4507
    ],
    "0|0|4&0|0|10:0|0|8&3|10|11": [
        1.0521421489474994,
        4519
    ],
    "0|0|4&0|0|10:0|0|8&0|10|11": [
        1.052049786743137,
        4517
    ],
    "0|0|4&0|5|10:0|0|8&0|0|11": [
        1.0468932266085462,
        7126
    ],
    "0|0|4&0|7|10:0|0|8&0|0|1": [
        1.046880803603783,
        6899
    ],
    "0|0|4&0|2|10:0|0|8&0|0|11": [
        1.0468720142073735,
        7032
    ],
    "0|0|4&0|5|10:0|0|8&0|3|11": [
        1.046328756831179,
        7388
    ],
    "0|0|4&0|2|10:0|0|8&0|3|11": [
        1.0461829836829837,
        7293
    ],
    "0|0|4&1|7|11:0|0|8&0|0|11": [
        1.0459283215236588,
        7418
    ],
    "0|0|4&1|2|10:0|0|8&0|0|11": [
        1.0459283215236588,
        7418
    ],
    "0|0|4&0|5|10:0|0|8&0|10|11": [
        1.045534969895847,
        7609
    ],
    "0|0|4&0|2|10:0|0|8&0|10|11": [
        1.045464034215693,
        7513
    ],
    "0|0|4&1|5|10:0|0|8&0|3|11": [
        1.04531670953973,
        7702
    ],
    "0|0|4&0|2|10:0|0|8&3|10|11": [
        1.0450481796018698,
        7755
    ],
    "0|0|4&1|2|10:0|0|8&0|10|11": [
        1.0445506727978293,
        7924
    ],
    "0|0|4:0|0|8": [
        1.04397225296651,
        8301
    ],
    "0|0|4&0|7|10&0|0|1:0|0|8&0|0|3&0|0|11": [
        1.0392091304897906,
        5681
    ],
    "0|0|4&0|7|10&0|1|7:0|0|8&0|0|3&0|0|1": [
        1.039017591891224,
        5817
    ],
    "0|0|4&0|7|10&0|0|1:0|0|8&0|0|3&0|0|2": [
        1.038905003613502,
        5751
    ],
    "0|0|4&0|7|10&0|0|1:0|0|8&0|0|3&0|0|5": [
        1.0388229850186859,
        5753
    ],
    "0|4|9:0|0|8": [
        1.0373101187636313,
        11004
    ],
    "0|0|4&0|2|10&0|0|1:0|0|8&0|0|3&0|0|1": [
        1.034477681594192,
        6646
    ],
    "0|0|4&0|5|10&0|0|1:0|0|8&0|0|3&0|0|1": [
        1.0343710507731192,
        6726
    ],
    "0|0|9&0|7|10&0|0|5:0|0|8&0|0|11&7|10|11": [
        1.0339907288719943,
        3535
    ],
    "0|0|9&0|7|10&0|0|5:0|0|8&0|3|11&3|7|11": [
        1.033934733524778,
        3602
    ],
    "0|0|9&0|7|10&0|0|5:0|0|8&0|10|11&7|10|11": [
        1.033893817534381,
        3563
    ],
    "0|0|9&0|7|10&0|0|5:0|0|8&5|10|11&0|3|11": [
        1.0338623046875,
        3600
    ],
    "0|0|9&0|7|10&0|0|5:0|0|8&0|10|11&3|7|11": [
        1.033814715156426,
        3548
    ],
    "0|0|9&0|7|10&0|0|5:0|0|8&0|10|11&2|3|11": [
        1.0337323597575991,
        3553
    ],
    "0|0|9&0|7|10&0|0|5:0|0|8&3|10|11&0|5|11": [
        1.0337197241352527,
        3621
    ],
    "0|0|9&0|7|10&0|2|3:0|0|8&5|10|11&0|0|11": [
        1.0336813599669334,
        3062
    ],
    "0|0|9&0|7|10&0|2|3:0|0|8&0|0|11&7|10|11": [
        1.0336813599669334,
        3062
    ],
    "0|0|9&0|0|7&2|3|11:0|0|8&7|10|11&0|0|11": [
        1.0336351378102222,
        2881
    ],
    "0|0|9&0|0|7&0|2|3:0|0|8&5|10|11&0|0|11": [
        1.0336351378102222,
        2881
    ],
    "0|0|9&0|7|10&0|0|5:0|0|8&0|10|11&2|7|11": [
        1.033628346881148,
        3558
    ],
    "0|0|9&0|0|7&2|3|11:0|0|8&2|7|11&0|3|11": [
        1.0336061889151544,
        2948
    ],
    "0|0|9&0|0|7&2|3|11:0|0|8&3|5|11&0|3|11": [
        1.0335948431669777,
        2948
    ],
    "0|0|9&0|2|10&0|0|5:0|0|8&0|10|11&7|10|11": [
        1.0335806035545934,
        4561
    ],
    "0|0|9&0|7|10&0|0|5:0|0|8&0|3|11&2|3|10": [
        1.0335729302300347,
        3600
    ],
    "0|0|9&0|0|7&0|2|3:0|0|8&5|7|11&0|3|11": [
        1.033541739593941,
        2946
    ],
    "0|0|9&0|0|7&0|2|11:0|0|8&2|7|11&0|3|11": [
        1.0335343764178766,
        2755
    ],
    "0|0|9&0|0|7&0|2|11:0|0|8&0|3|11&2|7|11": [
        1.0335343764178766,
        2755
    ],
    "0|0|9&0|0|7&0|2|11:0|0|8&3|7|11&0|3|11": [
        1.0335276415040835,
        2755
    ],
    "0|0|9&0|0|7&0|2|11:0|0|8&3|5|11&0|3|11": [
        1.0335276415040835,
        2755
    ],
    "0|0|9&0|0|7&0|2|11:0|0|8&2|5|11&0|3|11": [
        1.0335244512817605,
        2755
    ],
    "0|0|9&0|0|7&0|2|11:0|0|8&0|3|11&2|10|11": [
        1.0335244512817605,
        2755
    ],
    "0|0|9&0|0|7&0|2|11:0|0|8&7|10|11&0|0|11": [
        1.0333656741179063,
        2696
    ],
    "0|0|9&0|0|7&0|5|11:0|0|8&0|3|11&3|10|11": [
        1.0332411119154283,
        3432
    ],
    "0|0|9&0|0|7&2|3|11:0|0|8&3|10|11&0|10|11": [
        1.0331995297784675,
        2920
    ],
    "0|0|9&0|0|7&2|3|11:0|0|8&0|10|11&2|10|11": [
        1.0331995297784675,
        2920
    ],
    "0|0|9&0|0|7&2|3|11:0|0|8&3|10|11&2|10|11": [
        1.0331983748637201,
        2981
    ],
    "0|0|9&0|0|7&0|5|11:0|0|8&3|10|11&3|10|11": [
        1.033193492529736,
        3447
    ],
    "0|0|9&0|0|7&0|5|11:0|0|8&2|7|11&0|0|11": [
        1.0331628215001485,
        3368
    ],
    "0|0|9&0|0|7&0|5|11:0|0|8&0|3|11&0|10|11": [
        1.0331628215001485,
        3368
    ],
    "0|0|9&0|0|7&2|3|11:0|0|8&3|10|11&3|10|11": [
        1.0331563572714333,
        2986
    ],
    "0|0|9&0|0|7&0|5|11:0|0|8&5|10|11&3|10|11": [
        1.03313154821299,
        3445
    ],
    "0|0|9&0|0|7&0|5|11:0|0|8&0|10|11&5|10|11": [
        1.0331144580886156,
        3384
    ],
    "0|0|9&0|0|7&0|5|11:0|0|8&3|10|11&2|10|11": [
        1.0330952719966235,
        3443
    ],
    "0|0|9&0|0|7&0|2|11:0|0|8&3|10|11&2|10|11": [
        1.0330758081124642,
        2792
    ],
    "0|0|4:0|0|6": [
        1.0295795975634796,
        14611
    ],
    "0|0|4:0|6|8": [
        1.0294688889960282,
        15232
    ],
    "0|4|9:0|0|6": [
        1.0292477382423806,
        15979
    ],
    "0|0|9:0|0|8": [
        1.0245715463944305,
        9624
    ],
    "0|0|9:0|0|6": [
        1.0232848174937992,
        11289
    ],
    "0|4|8:0|0|6": [
        1.022695765803261,
        20423
    ],
    "1|8|9:0|0|6": [
        1.0226655210117446,
        20435
    ],
    "1|4|9:0|0|6": [
        1.0226655210117446,
        20435
    ],
    "0|0|1:0|0|6": [
        1.0226655210117446,
        20435
    ],
    "4|6|9:0|0|6": [
        1.0220817433106049,
        19359
    ],
    "0|0|9:0|6|8": [
        1.0218334880776008,
        12487
    ],
    "0|8|9:0|0|6": [
        1.0182344945294433,
        16863
    ]
}