{
    "0|0|4&0|0|10&0|0|1&0|0|1:0|0|6&0|3|11&0|0|3&0|0|1": [
        1.0465018229166667,
        3750
    ],
    "0|0|4&0|0|10&0|0|1&0|0|1:0|0|6&0|3|11&0|0|5&0|0|1": [
        1.0457666614902947,
        3748
    ],
    "0|0|4&0|0|10:0|0|6&0|3|11": [
        1.045529215987087,
        4298
    ],
    "0|0|4&0|0|10&0|0|1:0|0|6&0|3|11&0|0|1": [
        1.045529215987087,
        4298
    ],
    "0|0|4&0|0|10&0|0|1&0|0|1:0|0|6&0|3|11&0|0|1&0|0|1": [
        1.045529215987087,
        4298
    ],
    "0|0|4&0|7|10&0|0|10:0|0|8&3|7|11&0|3|11": [
        1.0452067852020264,
        4096
    ],
    "0|0|4&0|7|10&0|0|10:0|0|8&0|3|11&3|5|11": [
        1.0452067852020264,
        4096
    ],
    "0|0|4&0|0|10:0|0|8&0|3|11": [
        1.0452067852020264,
        4096
    ],
    "0|0|4&0|0|10&0|0|1&0|0|1:0|0|8&0|3|11&0|0|1&0|0|1": [
        1.0452067852020264,
        4096
    ],
    "0|0|4&0|7|10&0|0|10:0|0|8&0|5|11&0|3|11": [
        1.0450743809142247,
        4095
    ],
    "0|0|4&0|0|10:0|0|8&0|0|3": [
        1.0449228005263336,
        3693
    ],
    "0|0|4&0|0|10&0|0|1&0|0|1:0|0|6&0|3|11&0|0|2&0|0|1": [
        1.044744725368087,
        3761
    ],
    "0|0|4&0|0|10:0|0|8&0|3|5": [
        1.0445770369720664,
        3741
    ],
    "0|0|4&0|7|10&0|0|10:0|0|8&0|0|11&3|5|11": [
        1.0444598326056425,
        4094
    ],
    "0|0|4&0|0|10:0|0|8&0|0|11": [
        1.0444598326056425,
        4094
    ],
    "0|0|4&0|0|10:0|0|8&0|0|5": [
        1.0444295225507665,
        3718
    ],
    "0|0|4&0|0|10:0|0|8&0|2|3": [
        1.044364688823802,
        3777
    ],
    "0|0|4&0|0|10:0|0|8&0|2|5": [
        1.0440414988777396,
        3787
    ],
    "0|0|4&0|0|10:0|0|8&1|3|7": [
        1.043958380854623,
        4521
    ],
    "0|0|4&0|0|10:0|0|8&1|3|11": [
        1.043958380854623,
        4521
    ],
    "0|0|4&0|0|10:0|0|8&3|10|11": [
        1.043936430720386,
        4508
    ],
    "0|0|4&0|0|10:0|0|8&2|3|10": [
        1.0439172740930336,
        4493
    ],
    "0|0|4&0|0|10:0|0|8&0|0|2": [
        1.043893182366547,
        3756
    ],
    "0|0|4&0|7|10&0|5|10:0|0|8&0|3|11&3|5|11": [
        1.043746692263141,
        6259
    ],
    "0|0|4&0|7|10&0|2|10:0|0|8&3|7|11&0|3|11": [
        1.043672982034413,
        6175
    ],
    "0|0|4&0|7|10&0|5|10:0|0|8&0|3|11&0|0|11": [
        1.0435929983121766,
        6184
    ],
    "0|0|4&0|7|10&0|5|10:0|0|8&0|0|11&3|5|11": [
        1.0435929983121766,
        6184
    ],
    "0|0|4&0|7|10&0|2|10:0|0|8&0|5|11&0|3|11": [
        1.043574946819287,
        6170
    ],
    "0|0|4&0|0|10:0|0|8&0|10|11": [
        1.043319008105447,
        4507
    ],
    "0|0|4&0|0|10&0|0|1&0|0|1:0|0|6&0|3|11&0|0|7&0|0|1": [
        1.0429920585703083,
        3666
    ],
    "0|0|4&0|7|10:0|0|8&0|3|11": [
        1.0427544577713361,
        6339
    ],
    "0|0|4&0|7|10&0|0|1:0|0|8&0|3|11&0|0|1": [
        1.0427544577713361,
        6339
    ],
    "0|0|4&0|7|10&0|1|2:0|0|8&0|5|11&0|3|11": [
        1.042698725608311,
        6329
    ],
    "0|0|4&0|7|10:0|0|8&0|0|11": [
        1.0426243791184104,
        6260
    ],
    "0|0|4&0|7|10&0|1|5:0|0|8&0|3|11&0|0|11": [
        1.0426243791184104,
        6260
    ],
    "0|0|4&0|7|10&0|1|5:0|0|8&0|0|11&3|5|11": [
        1.0426243791184104,
        6260
    ],
    "0|0|4&0|7|10&0|5|10:0|0|8&1|7|11&0|10|11": [
        1.0425376197673764,
        6647
    ],
    "0|0|4&0|7|10&0|3|10:0|0|8&1|7|11&3|10|11": [
        1.0419775383034742,
        6433
    ],
    "0|0|4&0|7|10:0|0|8&0|10|11": [
        1.0415766042904904,
        6730
    ],
    "0|0|4&0|7|10&0|1|5:0|0|8&1|7|11&0|10|11": [
        1.0415766042904904,
        6730
    ],
    "0|4|9&0|7|10&0|0|10:0|0|8&0|3|11&3|5|11": [
        1.0414831456466236,
        4798
    ],
    "0|0|4&0|7|10&0|0|1:0|0|6&0|3|11&0|0|11": [
        1.0414714778447949,
        6580
    ],
    "0|0|4&0|7|10:0|0|8&1|10|11": [
        1.041234262630757,
        6883
    ],
    "0|0|4&0|5|10:0|0|8&0|3|11": [
        1.041217098986601,
        7370
    ],
    "0|0|4&0|5|10&0|0|1&0|0|1:0|0|8&0|3|11&0|0|1&0|0|1": [
        1.041217098986601,
        7370
    ],
    "0|0|4&0|5|10:0|0|8&0|0|11": [
        1.0412111422300838,
        7155
    ],
    "0|4|9&0|7|10&0|0|10:0|0|8&2|3|11&3|5|11": [
        1.0411001955960901,
        4821
    ],
    "0|4|9&0|7|10&0|0|10:0|0|8&0|2|11&3|5|11": [
        1.0410614235318532,
        4819
    ],
    "0|0|4&1|7|11:0|0|8&0|0|11": [
        1.0410468576412268,
        7426
    ],
    "0|0|4&1|7|10:0|0|8&0|0|11": [
        1.0410468576412268,
        7426
    ],
    "0|0|4&1|3|5:0|0|8&0|0|11": [
        1.0410468576412268,
        7426
    ],
    "0|0|4&1|7|11:0|0|8&0|3|11": [
        1.0409965579902376,
        7657
    ],
    "0|0|4&1|5|7:0|0|8&0|3|11": [
        1.0409965579902376,
        7657
    ],
    "0|0|4&1|3|5:0|0|8&0|3|11": [
        1.0409965579902376,
        7657
    ],
    "0|0|4&0|1|5:0|0|8&0|3|11": [
        1.0409965579902376,
        7657
    ],
    "0|0|4&0|1|10&0|0|1&0|0|1:0|0|8&0|3|11&0|0|1&0|0|1": [
        1.0409965579902376,
        7657
    ],
    "0|4|9&0|7|10&0|5|10:0|0|8&0|3|11&3|5|11": [
        1.040912551120199,
        7030
    ],
    "0|0|4&0|2|10:0|0|8&0|3|11": [
        1.0408496374179543,
        7313
    ],
    "0|0|4&0|2|10&0|0|1&0|0|1:0|0|8&0|3|11&0|0|1&0|0|1": [
        1.0408496374179543,
        7313
    ],
    "0|0|4&5|7|10:0|0|8&0|3|11": [
        1.0405314171404063,
        7432
    ],
    "0|0|4&3|5|10:0|0|8&0|0|11": [
        1.0404504522459321,
        7252
    ],
    "0|0|4&0|5|10:0|0|8&3|10|11": [
        1.0403630680278344,
        7841
    ],
    "0|0|4&0|5|10:0|0|8&0|10|11": [
        1.0402756616083115,
        7640
    ],
    "0|0|4&1|7|11:0|0|8&3|10|11": [
        1.0401332323104526,
        8151
    ],
    "0|0|4&0|1|5:0|0|8&3|10|11": [
        1.0401332323104526,
        8151
    ],
    "0|0|4&0|1|2:0|0|8&3|10|11": [
        1.0401332323104526,
        8151
    ],
    "0|0|4&1|7|11:0|0|8&0|10|11": [
        1.0400719139788333,
        7937
    ],
    "0|0|4&1|5|7:0|0|8&0|10|11": [
        1.0400719139788333,
        7937
    ],
    "0|0|4&0|1|2:0|0|8&0|10|11": [
        1.0400719139788333,
        7937
    ],
    "0|0|4:0|0|8": [
        1.0393773299776623,
        8282
    ],
    "0|4|9&0|5|10:0|0|8&0|0|11": [
        1.0385985601515997,
        8064
    ],
    "0|0|9&0|7|10&0|0|5&0|0|2:0|0|8&3|7|11&0|3|11&0|1|7": [
        1.0348096889533505,
        2634
    ],
    "0|0|9&0|7|10&0|0|2&0|0|5:0|0|8&3|7|11&3|7|11&0|3|11": [
        1.0348096889533505,
        2634
    ],
    "0|0|9&0|0|7&0|5|11&0|2|11:0|0|8&3|7|11&3|7|11&0|3|11": [
        1.0347197906055976,
        2577
    ],
    "0|0|9&0|0|7&0|5|11&0|2|11:0|0|8&2|10|11&3|7|11&0|3|11": [
        1.0346664529370393,
        2577
    ],
    "0|0|9&0|7|10&0|0|2&0|0|5:0|0|8&5|7|11&5|7|11&0|3|11": [
        1.0346451674615604,
        2634
    ],
    "0|0|9&0|0|7&0|5|11&0|2|11:0|0|8&3|7|11&3|7|11&3|10|11": [
        1.0345911254173925,
        2583
    ],
    "0|0|9&0|0|7&0|5|11&0|2|11:0|0|8&3|7|11&3|10|11&0|2|11": [
        1.0345477415432636,
        2583
    ],
    "0|0|9&0|0|7&0|5|11&0|2|11:0|0|8&5|7|11&5|7|11&0|3|11": [
        1.0345468931897555,
        2577
    ],
    "0|0|9&0|0|7&0|5|11&0|2|11:0|0|8&3|7|11&3|10|11&2|10|11": [
        1.0345379116458575,
        2583
    ],
    "0|0|9&0|0|7&0|5|11&0|2|11:0|0|8&3|7|11&3|7|11&0|3|10": [
        1.034458366480033,
        2573
    ],
    "0|0|9&0|0|7&0|5|11&0|2|11:0|0|8&2|7|10&5|7|11&0|3|11": [
        1.0344124551145186,
        2576
    ],
    "0|0|9&0|0|7&0|5|11&2|3|11:0|0|8&3|7|11&3|7|11&0|3|11": [
        1.03432802723671,
        2737
    ],
    "0|0|9&0|0|7&0|5|11&0|2|11:0|0|8&3|7|11&2|3|7&0|3|11": [
        1.034279769992236,
        2576
    ],
    "0|0|9&0|0|7&0|5|11&2|3|11:0|0|8&2|7|11&3|7|11&0|3|11": [
        1.034246587561655,
        2737
    ],