{
    "0|0|4&3|10|11:0|0|8&4|0|3": [
        1.0343826539029968,
        6724
    ],
    "0|0|4&3|10|11&0|0|1:0|0|8&4|0|3&0|0|1": [
        1.0343826539029968,
        6724
    ],
    "0|0|4&1|3|11&0|1|5:0|0|8&6|0|3&0|0|11": [
        1.033508533772798,
        7073
    ],
    "0|0|4&1|7|11:0|0|8&6|10|11": [
        1.032949630212825,
        8117
    ],
    "0|0|4&1|7|10:0|0|8&6|10|11": [
        1.032949630212825,
        8117
    ],
    "0|0|4&1|5|7:0|0|8&6|10|11": [
        1.032949630212825,
        8117
    ],
    "0|0|4&0|1|5:0|0|8&6|10|11": [
        1.032949630212825,
        8117
    ],
    "0|0|4&1|7|11:0|0|8&6|0|11": [
        1.0329216697696706,
        7956
    ],
    "0|0|4&1|7|10:0|0|8&6|0|11": [
        1.0329216697696706,
        7956
    ],
    "0|0|4&1|7|10&0|1|5:0|0|8&6|0|11&8|2|10": [
        1.0329216697696706,
        7956
    ],
    "0|0|4&1|5|10:0|0|8&6|0|11": [
        1.0329216697696706,
        7956
    ],
    "0|0|4&1|3|5:0|0|8&6|0|11": [
        1.0329216697696706,
        7956
    ],
    "0|0|4&1|3|11&0|1|5:0|0|8&8|0|3&6|0|11": [
        1.0329216697696706,
        7956
    ],
    "0|0|4&0|1|7:0|0|8&6|0|11": [
        1.0329216697696706,
        7956
    ],
    "0|0|4&0|1|5:0|0|8&6|0|11": [
        1.0329216697696706,
        7956
    ],
    "0|0|4&1|7|11:0|0|8&4|10|11": [
        1.0328403789067429,
        7927
    ],
    "0|0|4&1|7|10:0|0|8&4|10|11": [
        1.0328403789067429,
        7927
    ],
    "0|0|4&1|3|11&0|1|5:0|0|8&8|0|3&0|10|11": [
        1.0328403789067429,
        7927
    ],
    "0|0|4&0|1|5:0|0|8&4|10|11": [
        1.0328403789067429,
        7927
    ],
    "0|0|4&1|3|11&0|1|5:0|0|8&6|0|3&0|3|11": [
        1.0328041336247797,
        7377
    ],
    "0|0|4&1|7|11:0|0|8&4|0|11": [
        1.03271746821251,
        7442
    ],
    "0|0|4&1|7|11&0|1|5:0|0|8&8|0|3&0|0|11": [
        1.03271746821251,
        7442
    ],
    "0|0|4&1|7|10:0|0|8&4|0|11": [
        1.03271746821251,
        7442
    ],
    "0|0|4&1|5|10:0|0|8&4|0|11": [
        1.03271746821251,
        7442
    ],
    "0|0|4&0|1|5:0|0|8&4|0|11": [
        1.03271746821251,
        7442
    ],
    "0|0|4&1|7|11:0|0|8&6|0|10": [
        1.0327122465093086,
        7896
    ],
    "0|0|4&1|3|11:0|0|8&6|0|10": [
        1.0327122465093086,
        7896
    ],
    "0|0|4&1|7|11:0|0|8&6|0|3": [
        1.0326103757133798,
        7885
    ],
    "0|0|4&1|5|10:0|0|8&6|0|3": [
        1.0326103757133798,
        7885
    ],
    "0|0|4&1|3|5:0|0|8&6|0|3": [
        1.0326103757133798,
        7885
    ],
    "0|0|4&1|3|11:0|0|8&6|0|3": [
        1.0326103757133798,
        7885
    ],
    "0|0|4&0|1|10:0|0|8&6|0|3": [
        1.0326103757133798,
        7885
    ],
    "0|0|4&1|7|11:0|0|8&6|3|11": [
        1.0325772443639292,
        8073
    ],
    "0|0|4&1|3|11:0|0|8&6|3|11": [
        1.0325772443639292,
        8073
    ],
    "0|0|4&0|1|2:0|0|8&6|3|11": [
        1.0325772443639292,
        8073
    ],
    "0|0|4&0|1|10:0|0|8&6|3|11": [
        1.0325772443639292,
        8073
    ],
    "0|0|4&1|7|11:0|0|8&6|3|10": [
        1.0325166695283883,
        8190
    ],
    "0|0|4&0|1|10:0|0|8&6|3|10": [
        1.0325166695283883,
        8190
    ],
    "0|0|4:0|0|8": [
        1.0324459736810334,
        8283
    ],
    "0|0|4&1|7|10:0|0|8&8|3|11": [
        1.0324459736810334,
        8283
    ],
    "0|0|4&1|3|11&0|0|1:0|0|8&8|0|3&0|0|1": [
        1.0324459736810334,
        8283
    ],
    "0|0|4&0|1|7:0|0|8&0|0|1": [
        1.0324459736810334,
        8283
    ],
    "0|0|4&0|1|10:0|0|8&8|0|10": [
        1.0324459736810334,
        8283
    ],
    "0|0|4&0|1|5:0|0|8&6|5|11": [
        1.0323166548470646,
        8108
    ],
    "0|0|4&1|7|11:0|0|8&6|2|11": [
        1.0322324475771738,
        8131
    ],
    "0|0|4&1|7|10:0|0|8&4|3|11": [
        1.0322264991773116,
        7711
    ],
    "0|0|4&1|5|7:0|0|8&4|3|11": [
        1.0322264991773116,
        7711
    ],
    "0|0|4&1|3|11&0|1|5:0|0|8&8|0|3&0|3|11": [
        1.0322264991773116,
        7711
    ],
    "0|0|4&0|1|5:0|0|8&4|3|11": [
        1.0322264991773116,
        7711
    ],
    "0|0|9&0|7|10&0|0|5:0|0|8&8|7|11&6|0|11": [
        1.0319165838963176,
        3571
    ],
    "0|0|9&0|0|5&0|7|10:0|0|8&8|10|11&6|0|11": [
        1.0319165838963176,
        3571
    ],
    "0|0|9&0|0|5&0|7|10:0|0|8&6|0|11&8|7|11": [
        1.0319165838963176,
        3571
    ],
    "0|0|9&0|7|10&0|0|2:0|0|8&8|7|11&6|0|11": [
        1.031867149268056,
        2963
    ],
    "0|0|9&0|7|10&0|0|2:0|0|8&6|0|11&8|2|7": [
        1.031867149268056,
        2963
    ],
    "0|0|9&0|0|2&0|7|10:0|0|8&6|10|11&6|3|11": [
        1.031867149268056,
        2963
    ],
    "0|0|9&0|2|3&0|7|10:0|0|8&6|10|11&6|3|11": [
        1.0318591130558419,
        3154
    ],
    "0|0|9&0|2|3&0|7|10:0|0|8&6|0|11&8|7|10": [
        1.0318591130558419,
        3154
    ],
    "0|4|9&1|5|7:0|0|8&6|0|11": [
        1.0318277440023598,
        9535
    ],
    "0|4|9&1|3|11:0|0|8&6|0|11": [
        1.0318277440023598,
        9535
    ],
    "0|4|9&0|1|5:0|0|8&6|0|11": [
        1.0318277440023598,
        9535
    ],
    "0|4|9&0|1|10:0|0|8&6|0|11": [
        1.0318277440023598,
        9535
    ],
    "0|0|9&0|7|10&0|0|2:0|0|8&6|0|11&6|2|10": [
        1.0317946404087919,
        2963
    ],
    "0|0|9&0|2|3&0|7|10:0|0|8&6|0|11&6|2|10": [
        1.0317777586497305,
        3154
    ],
    "0|0|9&0|7|10&0|0|5:0|0|8&6|0|11&6|2|10": [
        1.0317774778255464,
        3569
    ],
    "0|0|9&0|7|10&0|0|2:0|0|8&6|0|11&6|3|10": [
        1.0316971784672921,
        2958
    ],
    "0|0|9&0|0|2&0|7|10:0|0|8&6|0|11&6|3|10": [
        1.0316971784672921,
        2958
    ],
    "0|0|9&0|0|3&0|7|10:0|0|8&6|10|11&4|2|11": [
        1.0316824649205534,
        2187
    ],
    "0|0|9&0|7|10&0|0|5:0|0|8&6|2|11&6|10|11": [
        1.0316789490836007,
        3584
    ],
    "0|0|9&0|7|10&0|0|3:0|0|8&6|5|11&6|10|11": [
        1.0316779996141976,
        2187
    ],
    "0|0|9&0|0|3&0|7|10:0|0|8&6|10|11&6|5|11": [
        1.0316779996141976,
        2187
    ],
    "0|0|9&0|7|10&0|0|2:0|0|8&6|5|11&6|10|11": [
        1.0316695474110746,
        2973
    ],
    "0|0|9&0|7|10&0|0|5:0|0|8&6|0|11&6|3|7": [
        1.0316689192158932,
        3555
    ],
    "0|0|9&0|7|10&0|0|5:0|0|8&8|7|11&6|3|11": [
        1.0316641683370196,
        3617
    ],
    "0|0|9&0|7|10&0|0|5:0|0|8&8|0|3&6|3|11": [
        1.0316641683370196,
        3617
    ],
    "0|0|9&0|0|5&0|7|10:0|0|8&8|10|11&6|3|11": [
        1.0316641683370196,
        3617
    ],
    "0|0|9&0|0|5&0|7|10:0|0|8&6|3|11&8|7|10": [
        1.0316641683370196,
        3617
    ],
    "0|0|9&0|7|10&0|0|5:0|0|8&8|7|11&6|10|11": [
        1.031659302573427,
        3592
    ],
    "0|0|9&0|0|5&0|7|10:0|0|8&8|10|11&6|10|11": [
        1.031659302573427,
        3592
    ],
    "0|0|9&0|0|5&0|7|10:0|0|8&6|10|11&8|7|10": [
        1.031659302573427,
        3592
    ],
    "0|0|9&0|7|10&0|0|3:0|0|8&8|7|11&6|0|11": [
        1.0316574592049612,
        2187
    ],
    "0|0|9&0|3|11&0|0|7:0|0|8&6|0|11&8|7|11": [
        1.0316574592049612,
        2187
    ],
    "0|0|9&0|7|10&0|0|5:0|0|8&6|7|11&6|10|11": [
        1.0316478184291296,
        3584
    ],
    "0|0|9&0|7|10&0|0|5:0|0|8&6|5|11&6|10|11": [
        1.0316429138183594,
        3584
    ],
    "0|0|9&0|3|11&0|0|7:0|0|8&6|10|11&8|7|10": [
        1.031640714306127,
        2187
    ],
    "0|0|9&0|0|3&0|7|10:0|0|8&6|10|11&6|7|11": [
        1.0316070012431413,
        2187
    ],
    "0|4|9&0|1|5:0|0|8&4|0|11": [
        1.031156252767446,
        8469
    ],
    "0|0|4&0|1|5:0|0|8&9|3|11": [
        1.0310690342252522,
        7930
    ],
    "0|4|9&0|1|5:0|0|8&6|0|10": [
        1.0300132940522582,
        10008
    ],
    "0|0|9&0|0|5:0|0|8&6|0|11": [
        1.0300071539983493,
        5149
    ],
    "0|4|9&0|1|5:0|0|8&6|10|11": [
        1.0299951434593582,
        10408
    ],